Q699,http://www.wikidata.org/entity/Q699
Q482,http://www.wikidata.org/entity/Q482
Q338,http://www.wikidata.org/entity/Q338
Q4184,http://www.wikidata.org/entity/Q4184
Q8253,http://www.wikidata.org/entity/Q8253
Q8261,http://www.wikidata.org/entity/Q8261
Q24925,http://www.wikidata.org/entity/Q24925
Q13136,http://www.wikidata.org/entity/Q13136
Q35760,http://www.wikidata.org/entity/Q35760
Q37484,http://www.wikidata.org/entity/Q37484
Q132311,http://www.wikidata.org/entity/Q132311
Q25372,http://www.wikidata.org/entity/Q25372
Q36279,http://www.wikidata.org/entity/Q36279
Q80930,http://www.wikidata.org/entity/Q80930
Q24723,http://www.wikidata.org/entity/Q24723
Q40831,http://www.wikidata.org/entity/Q40831
Q112983,http://www.wikidata.org/entity/Q112983
Q25379,http://www.wikidata.org/entity/Q25379
Q191760,http://www.wikidata.org/entity/Q191760
Q192782,http://www.wikidata.org/entity/Q192782
Q128285,http://www.wikidata.org/entity/Q128285
Q83790,http://www.wikidata.org/entity/Q83790
Q44342,http://www.wikidata.org/entity/Q44342
Q208628,http://www.wikidata.org/entity/Q208628
Q128758,http://www.wikidata.org/entity/Q128758
Q44563,http://www.wikidata.org/entity/Q44563
Q182015,http://www.wikidata.org/entity/Q182015
Q186424,http://www.wikidata.org/entity/Q186424
Q1196408,http://www.wikidata.org/entity/Q1196408
Q1562657,http://www.wikidata.org/entity/Q1562657
Q2016518,http://www.wikidata.org/entity/Q2016518
Q179461,http://www.wikidata.org/entity/Q179461
Q179805,http://www.wikidata.org/entity/Q179805
Q49084,http://www.wikidata.org/entity/Q49084
Q213051,http://www.wikidata.org/entity/Q213051
Q185598,http://www.wikidata.org/entity/Q185598
Q59126,http://www.wikidata.org/entity/Q59126
Q215304,http://www.wikidata.org/entity/Q215304
Q384515,http://www.wikidata.org/entity/Q384515
Q197949,http://www.wikidata.org/entity/Q197949
Q149537,http://www.wikidata.org/entity/Q149537
Q170539,http://www.wikidata.org/entity/Q170539
Q36192,http://www.wikidata.org/entity/Q36192
Q465821,http://www.wikidata.org/entity/Q465821
Q35874,http://www.wikidata.org/entity/Q35874
Q131539,http://www.wikidata.org/entity/Q131539
Q223945,http://www.wikidata.org/entity/Q223945
Q224989,http://www.wikidata.org/entity/Q224989
Q20358335,http://www.wikidata.org/entity/Q20358335
Q20669641,http://www.wikidata.org/entity/Q20669641
Q20737414,http://www.wikidata.org/entity/Q20737414
Q215495,http://www.wikidata.org/entity/Q215495
Q580850,http://www.wikidata.org/entity/Q580850
Q619593,http://www.wikidata.org/entity/Q619593
Q908667,http://www.wikidata.org/entity/Q908667
Q53094,http://www.wikidata.org/entity/Q53094
Q1787111,http://www.wikidata.org/entity/Q1787111
Q193866,http://www.wikidata.org/entity/Q193866
Q192881,http://www.wikidata.org/entity/Q192881
Q26929719,http://www.wikidata.org/entity/Q26929719
Q30277550,http://www.wikidata.org/entity/Q30277550
Q590103,http://www.wikidata.org/entity/Q590103
Q622291,http://www.wikidata.org/entity/Q622291
Q192239,http://www.wikidata.org/entity/Q192239
Q286328,http://www.wikidata.org/entity/Q286328
Q481315,http://www.wikidata.org/entity/Q481315
Q944250,http://www.wikidata.org/entity/Q944250
Q1029945,http://www.wikidata.org/entity/Q1029945
Q1043197,http://www.wikidata.org/entity/Q1043197
Q948970,http://www.wikidata.org/entity/Q948970
Q1159457,http://www.wikidata.org/entity/Q1159457
Q1192185,http://www.wikidata.org/entity/Q1192185
Q474090,http://www.wikidata.org/entity/Q474090
Q3440956,http://www.wikidata.org/entity/Q3440956
Q6585139,http://www.wikidata.org/entity/Q6585139
Q15062348,http://www.wikidata.org/entity/Q15062348
Q531067,http://www.wikidata.org/entity/Q531067
Q546729,http://www.wikidata.org/entity/Q546729
Q5937792,http://www.wikidata.org/entity/Q5937792
Q761469,http://www.wikidata.org/entity/Q761469
Q861911,http://www.wikidata.org/entity/Q861911
Q651019,http://www.wikidata.org/entity/Q651019
Q1097273,http://www.wikidata.org/entity/Q1097273
Q21615367,http://www.wikidata.org/entity/Q21615367
Q21802675,http://www.wikidata.org/entity/Q21802675
Q870452,http://www.wikidata.org/entity/Q870452
Q971480,http://www.wikidata.org/entity/Q971480
Q858330,http://www.wikidata.org/entity/Q858330
Q905770,http://www.wikidata.org/entity/Q905770
Q311290,http://www.wikidata.org/entity/Q311290
Q603291,http://www.wikidata.org/entity/Q603291
Q849186,http://www.wikidata.org/entity/Q849186
Q2254211,http://www.wikidata.org/entity/Q2254211
Q2367164,http://www.wikidata.org/entity/Q2367164
Q2561390,http://www.wikidata.org/entity/Q2561390
Q2593937,http://www.wikidata.org/entity/Q2593937
Q2630193,http://www.wikidata.org/entity/Q2630193
Q2975633,http://www.wikidata.org/entity/Q2975633
Q3056541,http://www.wikidata.org/entity/Q3056541
Q1164267,http://www.wikidata.org/entity/Q1164267
Q1426213,http://www.wikidata.org/entity/Q1426213
Q41630,http://www.wikidata.org/entity/Q41630
Q1347298,http://www.wikidata.org/entity/Q1347298
Q2250271,http://www.wikidata.org/entity/Q2250271
Q2608088,http://www.wikidata.org/entity/Q2608088
Q3199667,http://www.wikidata.org/entity/Q3199667
Q3940786,http://www.wikidata.org/entity/Q3940786
Q4686880,http://www.wikidata.org/entity/Q4686880
Q16575965,http://www.wikidata.org/entity/Q16575965
Q6647667,http://www.wikidata.org/entity/Q6647667
Q7644030,http://www.wikidata.org/entity/Q7644030
Q11558987,http://www.wikidata.org/entity/Q11558987
Q7679101,http://www.wikidata.org/entity/Q7679101
Q9326077,http://www.wikidata.org/entity/Q9326077
Q20737410,http://www.wikidata.org/entity/Q20737410
Q18536349,http://www.wikidata.org/entity/Q18536349
Q110540276,http://www.wikidata.org/entity/Q110540276
Q7632212,http://www.wikidata.org/entity/Q7632212
Q19765983,http://www.wikidata.org/entity/Q19765983
Q6966208,http://www.wikidata.org/entity/Q6966208
Q3328821,http://www.wikidata.org/entity/Q3328821
Q3940779,http://www.wikidata.org/entity/Q3940779
Q17628188,http://www.wikidata.org/entity/Q17628188
Q336,http://www.wikidata.org/entity/Q336
Q10379557,http://www.wikidata.org/entity/Q10379557
Q10453828,http://www.wikidata.org/entity/Q10453828
Q11385322,http://www.wikidata.org/entity/Q11385322
Q10857409,http://www.wikidata.org/entity/Q10857409
Q2477112,http://www.wikidata.org/entity/Q2477112
Q4241184,http://www.wikidata.org/entity/Q4241184
Q16669008,http://www.wikidata.org/entity/Q16669008
Q17991521,http://www.wikidata.org/entity/Q17991521
Q20668387,http://www.wikidata.org/entity/Q20668387
Q185363,http://www.wikidata.org/entity/Q185363
Q1384425,http://www.wikidata.org/entity/Q1384425
Q84350094,http://www.wikidata.org/entity/Q84350094
Q111019576,http://www.wikidata.org/entity/Q111019576
Q111984153,http://www.wikidata.org/entity/Q111984153
Q2994242,http://www.wikidata.org/entity/Q2994242
Q10916116,http://www.wikidata.org/entity/Q10916116
Q13408937,http://www.wikidata.org/entity/Q13408937
Q693,http://www.wikidata.org/entity/Q693
Q2633346,http://www.wikidata.org/entity/Q2633346
Q3919251,http://www.wikidata.org/entity/Q3919251
Q26225484,http://www.wikidata.org/entity/Q26225484
Q6960620,http://www.wikidata.org/entity/Q6960620
Q7440128,http://www.wikidata.org/entity/Q7440128
Q24205155,http://www.wikidata.org/entity/Q24205155
Q56451354,http://www.wikidata.org/entity/Q56451354
Q1370345,http://www.wikidata.org/entity/Q1370345
Q5292,http://www.wikidata.org/entity/Q5292
Q1221280,http://www.wikidata.org/entity/Q1221280
Q60548032,http://www.wikidata.org/entity/Q60548032
Q77762397,http://www.wikidata.org/entity/Q77762397
Q109311786,http://www.wikidata.org/entity/Q109311786
Q5891,http://www.wikidata.org/entity/Q5891
Q42402646,http://www.wikidata.org/entity/Q42402646
Q47472667,http://www.wikidata.org/entity/Q47472667
Q102260654,http://www.wikidata.org/entity/Q102260654
Q111956902,http://www.wikidata.org/entity/Q111956902
Q9503,http://www.wikidata.org/entity/Q9503
Q7163,http://www.wikidata.org/entity/Q7163
Q23622,http://www.wikidata.org/entity/Q23622
Q8162,http://www.wikidata.org/entity/Q8162
Q67467614,http://www.wikidata.org/entity/Q67467614
Q111143082,http://www.wikidata.org/entity/Q111143082
Q9174,http://www.wikidata.org/entity/Q9174
Q11871,http://www.wikidata.org/entity/Q11871
Q9418,http://www.wikidata.org/entity/Q9418
Q44619,http://www.wikidata.org/entity/Q44619
Q180494,http://www.wikidata.org/entity/Q180494
Q193606,http://www.wikidata.org/entity/Q193606
Q181001,http://www.wikidata.org/entity/Q181001
Q37654,http://www.wikidata.org/entity/Q37654
Q1093312,http://www.wikidata.org/entity/Q1093312
Q113013,http://www.wikidata.org/entity/Q113013
Q189279,http://www.wikidata.org/entity/Q189279
Q80056,http://www.wikidata.org/entity/Q80056
Q249697,http://www.wikidata.org/entity/Q249697
Q738473,http://www.wikidata.org/entity/Q738473
Q40953,http://www.wikidata.org/entity/Q40953
Q936749,http://www.wikidata.org/entity/Q936749
Q975413,http://www.wikidata.org/entity/Q975413
Q1077883,http://www.wikidata.org/entity/Q1077883
Q27036528,http://www.wikidata.org/entity/Q27036528
Q148484,http://www.wikidata.org/entity/Q148484
Q223685,http://www.wikidata.org/entity/Q223685
Q1496857,http://www.wikidata.org/entity/Q1496857
Q1557877,http://www.wikidata.org/entity/Q1557877
Q2421000,http://www.wikidata.org/entity/Q2421000
Q326439,http://www.wikidata.org/entity/Q326439
Q725757,http://www.wikidata.org/entity/Q725757
Q2520572,http://www.wikidata.org/entity/Q2520572
Q2891173,http://www.wikidata.org/entity/Q2891173
Q3025978,http://www.wikidata.org/entity/Q3025978
Q3331891,http://www.wikidata.org/entity/Q3331891
Q587327,http://www.wikidata.org/entity/Q587327
Q732782,http://www.wikidata.org/entity/Q732782
Q859369,http://www.wikidata.org/entity/Q859369
Q208505,http://www.wikidata.org/entity/Q208505
Q4914883,http://www.wikidata.org/entity/Q4914883
Q5185279,http://www.wikidata.org/entity/Q5185279
Q261197,http://www.wikidata.org/entity/Q261197
Q1080374,http://www.wikidata.org/entity/Q1080374
Q1325447,http://www.wikidata.org/entity/Q1325447
Q1619411,http://www.wikidata.org/entity/Q1619411
Q15635954,http://www.wikidata.org/entity/Q15635954
Q904447,http://www.wikidata.org/entity/Q904447
Q493169,http://www.wikidata.org/entity/Q493169
Q182357,http://www.wikidata.org/entity/Q182357
Q794912,http://www.wikidata.org/entity/Q794912
Q193495,http://www.wikidata.org/entity/Q193495
Q174526,http://www.wikidata.org/entity/Q174526
Q354717,http://www.wikidata.org/entity/Q354717
Q20664331,http://www.wikidata.org/entity/Q20664331
Q182659,http://www.wikidata.org/entity/Q182659
Q222749,http://www.wikidata.org/entity/Q222749
Q2105776,http://www.wikidata.org/entity/Q2105776
Q6045975,http://www.wikidata.org/entity/Q6045975
Q136472,http://www.wikidata.org/entity/Q136472
Q180902,http://www.wikidata.org/entity/Q180902
Q11412438,http://www.wikidata.org/entity/Q11412438
Q11080698,http://www.wikidata.org/entity/Q11080698
Q1233720,http://www.wikidata.org/entity/Q1233720
Q21590660,http://www.wikidata.org/entity/Q21590660
Q1074045,http://www.wikidata.org/entity/Q1074045
Q1255706,http://www.wikidata.org/entity/Q1255706
Q740919,http://www.wikidata.org/entity/Q740919
Q852215,http://www.wikidata.org/entity/Q852215
Q1391420,http://www.wikidata.org/entity/Q1391420
Q1742962,http://www.wikidata.org/entity/Q1742962
Q1770859,http://www.wikidata.org/entity/Q1770859
Q2635894,http://www.wikidata.org/entity/Q2635894
Q319226,http://www.wikidata.org/entity/Q319226
Q798415,http://www.wikidata.org/entity/Q798415
Q722600,http://www.wikidata.org/entity/Q722600
Q777828,http://www.wikidata.org/entity/Q777828
Q279272,http://www.wikidata.org/entity/Q279272
Q21010853,http://www.wikidata.org/entity/Q21010853
Q21803247,http://www.wikidata.org/entity/Q21803247
Q19715429,http://www.wikidata.org/entity/Q19715429
Q725377,http://www.wikidata.org/entity/Q725377
Q1999690,http://www.wikidata.org/entity/Q1999690
Q2712867,http://www.wikidata.org/entity/Q2712867
Q27477672,http://www.wikidata.org/entity/Q27477672
Q120367530,http://www.wikidata.org/entity/Q120367530
Q21905924,http://www.wikidata.org/entity/Q21905924
Q26221026,http://www.wikidata.org/entity/Q26221026
Q29621749,http://www.wikidata.org/entity/Q29621749
Q53911753,http://www.wikidata.org/entity/Q53911753
Q26225493,http://www.wikidata.org/entity/Q26225493
Q101240581,http://www.wikidata.org/entity/Q101240581
Q117076094,http://www.wikidata.org/entity/Q117076094
Q12799318,http://www.wikidata.org/entity/Q12799318
Q20667180,http://www.wikidata.org/entity/Q20667180
Q1312571,http://www.wikidata.org/entity/Q1312571
Q1505583,http://www.wikidata.org/entity/Q1505583
Q1519335,http://www.wikidata.org/entity/Q1519335
Q3811649,http://www.wikidata.org/entity/Q3811649
Q10318944,http://www.wikidata.org/entity/Q10318944
Q16976178,http://www.wikidata.org/entity/Q16976178
Q67200374,http://www.wikidata.org/entity/Q67200374
Q1004,http://www.wikidata.org/entity/Q1004
Q104100753,http://www.wikidata.org/entity/Q104100753
Q291,http://www.wikidata.org/entity/Q291
Q7135533,http://www.wikidata.org/entity/Q7135533
Q3454432,http://www.wikidata.org/entity/Q3454432
Q676,http://www.wikidata.org/entity/Q676
Q11635,http://www.wikidata.org/entity/Q11635
Q7921,http://www.wikidata.org/entity/Q7921
Q9134,http://www.wikidata.org/entity/Q9134
Q191489,http://www.wikidata.org/entity/Q191489
Q221290,http://www.wikidata.org/entity/Q221290
Q104767031,http://www.wikidata.org/entity/Q104767031
Q34274,http://www.wikidata.org/entity/Q34274
Q105420,http://www.wikidata.org/entity/Q105420
Q27020789,http://www.wikidata.org/entity/Q27020789
Q27801,http://www.wikidata.org/entity/Q27801
Q1940294,http://www.wikidata.org/entity/Q1940294
Q193121,http://www.wikidata.org/entity/Q193121
Q132151,http://www.wikidata.org/entity/Q132151
Q191890,http://www.wikidata.org/entity/Q191890
Q198768,http://www.wikidata.org/entity/Q198768
Q468478,http://www.wikidata.org/entity/Q468478
Q168796,http://www.wikidata.org/entity/Q168796
Q1341831,http://www.wikidata.org/entity/Q1341831
Q747483,http://www.wikidata.org/entity/Q747483
Q919036,http://www.wikidata.org/entity/Q919036
Q181275,http://www.wikidata.org/entity/Q181275
Q1503133,http://www.wikidata.org/entity/Q1503133
Q1593709,http://www.wikidata.org/entity/Q1593709
Q174864,http://www.wikidata.org/entity/Q174864
Q1469987,http://www.wikidata.org/entity/Q1469987
Q512207,http://www.wikidata.org/entity/Q512207
Q538812,http://www.wikidata.org/entity/Q538812
Q5774663,http://www.wikidata.org/entity/Q5774663
Q15062360,http://www.wikidata.org/entity/Q15062360
Q242488,http://www.wikidata.org/entity/Q242488
Q7207463,http://www.wikidata.org/entity/Q7207463
Q2882223,http://www.wikidata.org/entity/Q2882223
Q3592712,http://www.wikidata.org/entity/Q3592712
Q102439494,http://www.wikidata.org/entity/Q102439494
Q339991,http://www.wikidata.org/entity/Q339991
Q642659,http://www.wikidata.org/entity/Q642659
Q3454581,http://www.wikidata.org/entity/Q3454581
Q5110346,http://www.wikidata.org/entity/Q5110346
Q1072723,http://www.wikidata.org/entity/Q1072723
Q1128018,http://www.wikidata.org/entity/Q1128018
Q1142825,http://www.wikidata.org/entity/Q1142825
Q7748,http://www.wikidata.org/entity/Q7748
Q2321734,http://www.wikidata.org/entity/Q2321734
Q111489136,http://www.wikidata.org/entity/Q111489136
Q117318778,http://www.wikidata.org/entity/Q117318778
Q3069017,http://www.wikidata.org/entity/Q3069017
Q4235011,http://www.wikidata.org/entity/Q4235011
Q4677805,http://www.wikidata.org/entity/Q4677805
Q5456296,http://www.wikidata.org/entity/Q5456296
Q1344,http://www.wikidata.org/entity/Q1344
Q11639,http://www.wikidata.org/entity/Q11639
Q4942969,http://www.wikidata.org/entity/Q4942969
Q15637310,http://www.wikidata.org/entity/Q15637310
Q11146759,http://www.wikidata.org/entity/Q11146759
Q12106333,http://www.wikidata.org/entity/Q12106333
Q15637299,http://www.wikidata.org/entity/Q15637299
Q21931667,http://www.wikidata.org/entity/Q21931667
Q17172848,http://www.wikidata.org/entity/Q17172848
Q111396566,http://www.wikidata.org/entity/Q111396566
Q190721,http://www.wikidata.org/entity/Q190721
Q254554,http://www.wikidata.org/entity/Q254554
Q202344,http://www.wikidata.org/entity/Q202344
Q193979,http://www.wikidata.org/entity/Q193979
Q1497854,http://www.wikidata.org/entity/Q1497854
Q1589214,http://www.wikidata.org/entity/Q1589214
Q184716,http://www.wikidata.org/entity/Q184716
Q794357,http://www.wikidata.org/entity/Q794357
Q951215,http://www.wikidata.org/entity/Q951215
Q1036888,http://www.wikidata.org/entity/Q1036888
Q2150516,http://www.wikidata.org/entity/Q2150516
Q2449692,http://www.wikidata.org/entity/Q2449692
Q9323284,http://www.wikidata.org/entity/Q9323284
Q276709,http://www.wikidata.org/entity/Q276709
Q3256771,http://www.wikidata.org/entity/Q3256771
Q5457615,http://www.wikidata.org/entity/Q5457615
Q2117603,http://www.wikidata.org/entity/Q2117603
Q667661,http://www.wikidata.org/entity/Q667661
Q728629,http://www.wikidata.org/entity/Q728629
Q616622,http://www.wikidata.org/entity/Q616622
Q715768,http://www.wikidata.org/entity/Q715768
Q1483466,http://www.wikidata.org/entity/Q1483466
Q1508663,http://www.wikidata.org/entity/Q1508663
Q1675302,http://www.wikidata.org/entity/Q1675302
Q3236984,http://www.wikidata.org/entity/Q3236984
Q3482695,http://www.wikidata.org/entity/Q3482695
Q2477736,http://www.wikidata.org/entity/Q2477736
Q1544219,http://www.wikidata.org/entity/Q1544219
Q192781,http://www.wikidata.org/entity/Q192781
Q2995599,http://www.wikidata.org/entity/Q2995599
Q3092278,http://www.wikidata.org/entity/Q3092278
Q12197074,http://www.wikidata.org/entity/Q12197074
Q101246540,http://www.wikidata.org/entity/Q101246540
Q3440961,http://www.wikidata.org/entity/Q3440961
Q3541116,http://www.wikidata.org/entity/Q3541116
Q3620673,http://www.wikidata.org/entity/Q3620673
Q4752815,http://www.wikidata.org/entity/Q4752815
Q3796486,http://www.wikidata.org/entity/Q3796486
Q5575435,http://www.wikidata.org/entity/Q5575435
Q5977103,http://www.wikidata.org/entity/Q5977103
Q7834250,http://www.wikidata.org/entity/Q7834250
Q7168625,http://www.wikidata.org/entity/Q7168625
Q7225114,http://www.wikidata.org/entity/Q7225114
Q6619804,http://www.wikidata.org/entity/Q6619804
Q935452,http://www.wikidata.org/entity/Q935452
Q17001529,http://www.wikidata.org/entity/Q17001529
Q9378888,http://www.wikidata.org/entity/Q9378888
Q11262541,http://www.wikidata.org/entity/Q11262541
Q15637293,http://www.wikidata.org/entity/Q15637293
Q109620002,http://www.wikidata.org/entity/Q109620002
Q18168594,http://www.wikidata.org/entity/Q18168594
Q17518870,http://www.wikidata.org/entity/Q17518870
Q15637301,http://www.wikidata.org/entity/Q15637301
Q15712918,http://www.wikidata.org/entity/Q15712918
Q16143859,http://www.wikidata.org/entity/Q16143859
Q1631107,http://www.wikidata.org/entity/Q1631107
Q118744842,http://www.wikidata.org/entity/Q118744842
Q118792813,http://www.wikidata.org/entity/Q118792813
Q571,http://www.wikidata.org/entity/Q571
Q636946,http://www.wikidata.org/entity/Q636946
Q929047,http://www.wikidata.org/entity/Q929047
Q1348220,http://www.wikidata.org/entity/Q1348220
Q1393741,http://www.wikidata.org/entity/Q1393741
Q2583965,http://www.wikidata.org/entity/Q2583965
Q18535,http://www.wikidata.org/entity/Q18535
Q26228231,http://www.wikidata.org/entity/Q26228231
Q2305470,http://www.wikidata.org/entity/Q2305470
Q1661,http://www.wikidata.org/entity/Q1661
Q56001,http://www.wikidata.org/entity/Q56001
Q102686,http://www.wikidata.org/entity/Q102686
Q190399,http://www.wikidata.org/entity/Q190399
Q282144,http://www.wikidata.org/entity/Q282144
Q186602,http://www.wikidata.org/entity/Q186602
Q1481165,http://www.wikidata.org/entity/Q1481165
Q1747998,http://www.wikidata.org/entity/Q1747998
Q279060,http://www.wikidata.org/entity/Q279060
Q170384,http://www.wikidata.org/entity/Q170384
Q228675,http://www.wikidata.org/entity/Q228675
Q1813525,http://www.wikidata.org/entity/Q1813525
Q2802102,http://www.wikidata.org/entity/Q2802102
Q214267,http://www.wikidata.org/entity/Q214267
Q318894,http://www.wikidata.org/entity/Q318894
Q333625,http://www.wikidata.org/entity/Q333625
Q1416320,http://www.wikidata.org/entity/Q1416320
Q1113999,http://www.wikidata.org/entity/Q1113999
Q148163,http://www.wikidata.org/entity/Q148163
Q11886849,http://www.wikidata.org/entity/Q11886849
Q15919135,http://www.wikidata.org/entity/Q15919135
Q1255669,http://www.wikidata.org/entity/Q1255669
Q2490520,http://www.wikidata.org/entity/Q2490520
Q1125133,http://www.wikidata.org/entity/Q1125133
Q959790,http://www.wikidata.org/entity/Q959790
Q1999796,http://www.wikidata.org/entity/Q1999796
Q2448865,http://www.wikidata.org/entity/Q2448865
Q503354,http://www.wikidata.org/entity/Q503354
Q591055,http://www.wikidata.org/entity/Q591055
Q2986441,http://www.wikidata.org/entity/Q2986441
Q20655472,http://www.wikidata.org/entity/Q20655472
Q622812,http://www.wikidata.org/entity/Q622812
Q827597,http://www.wikidata.org/entity/Q827597
Q20540663,http://www.wikidata.org/entity/Q20540663
Q1417744,http://www.wikidata.org/entity/Q1417744
Q1494806,http://www.wikidata.org/entity/Q1494806
Q5793771,http://www.wikidata.org/entity/Q5793771
Q190084,http://www.wikidata.org/entity/Q190084
Q1134718,http://www.wikidata.org/entity/Q1134718
Q21322403,http://www.wikidata.org/entity/Q21322403
Q7302589,http://www.wikidata.org/entity/Q7302589
Q240911,http://www.wikidata.org/entity/Q240911
Q2599412,http://www.wikidata.org/entity/Q2599412
Q11825892,http://www.wikidata.org/entity/Q11825892
Q2054106,http://www.wikidata.org/entity/Q2054106
Q7490686,http://www.wikidata.org/entity/Q7490686
Q34187,http://www.wikidata.org/entity/Q34187
Q3026054,http://www.wikidata.org/entity/Q3026054
Q5431887,http://www.wikidata.org/entity/Q5431887
Q64448878,http://www.wikidata.org/entity/Q64448878
Q72996181,http://www.wikidata.org/entity/Q72996181
Q26928598,http://www.wikidata.org/entity/Q26928598
Q27022970,http://www.wikidata.org/entity/Q27022970
Q783459,http://www.wikidata.org/entity/Q783459
Q604725,http://www.wikidata.org/entity/Q604725
Q1143546,http://www.wikidata.org/entity/Q1143546
Q1188977,http://www.wikidata.org/entity/Q1188977
Q162827,http://www.wikidata.org/entity/Q162827
Q48328,http://www.wikidata.org/entity/Q48328
Q1417690,http://www.wikidata.org/entity/Q1417690
Q1494434,http://www.wikidata.org/entity/Q1494434
Q972769,http://www.wikidata.org/entity/Q972769
Q10927187,http://www.wikidata.org/entity/Q10927187
Q4376526,http://www.wikidata.org/entity/Q4376526
Q1161145,http://www.wikidata.org/entity/Q1161145
Q1418745,http://www.wikidata.org/entity/Q1418745
Q451532,http://www.wikidata.org/entity/Q451532
Q1191618,http://www.wikidata.org/entity/Q1191618
Q200092,http://www.wikidata.org/entity/Q200092
Q2625243,http://www.wikidata.org/entity/Q2625243
Q556900,http://www.wikidata.org/entity/Q556900
Q753275,http://www.wikidata.org/entity/Q753275
Q5366097,http://www.wikidata.org/entity/Q5366097
Q12767035,http://www.wikidata.org/entity/Q12767035
Q7451276,http://www.wikidata.org/entity/Q7451276
Q27976507,http://www.wikidata.org/entity/Q27976507
Q104623069,http://www.wikidata.org/entity/Q104623069
Q104623091,http://www.wikidata.org/entity/Q104623091
Q115216305,http://www.wikidata.org/entity/Q115216305
Q557648,http://www.wikidata.org/entity/Q557648
Q5421716,http://www.wikidata.org/entity/Q5421716
Q1483342,http://www.wikidata.org/entity/Q1483342
Q131395,http://www.wikidata.org/entity/Q131395
Q938714,http://www.wikidata.org/entity/Q938714
Q172331,http://www.wikidata.org/entity/Q172331
Q961849,http://www.wikidata.org/entity/Q961849
Q1141200,http://www.wikidata.org/entity/Q1141200
Q2477865,http://www.wikidata.org/entity/Q2477865
Q1231764,http://www.wikidata.org/entity/Q1231764
Q8275050,http://www.wikidata.org/entity/Q8275050
Q102430127,http://www.wikidata.org/entity/Q102430127
Q1498333,http://www.wikidata.org/entity/Q1498333
Q4879416,http://www.wikidata.org/entity/Q4879416
Q5890359,http://www.wikidata.org/entity/Q5890359
Q130232,http://www.wikidata.org/entity/Q130232
Q193206,http://www.wikidata.org/entity/Q193206
Q7429985,http://www.wikidata.org/entity/Q7429985
Q17148218,http://www.wikidata.org/entity/Q17148218
Q351718,http://www.wikidata.org/entity/Q351718
Q824894,http://www.wikidata.org/entity/Q824894
Q11820946,http://www.wikidata.org/entity/Q11820946
Q605076,http://www.wikidata.org/entity/Q605076
Q477756,http://www.wikidata.org/entity/Q477756
Q484591,http://www.wikidata.org/entity/Q484591
Q1057172,http://www.wikidata.org/entity/Q1057172
Q14524057,http://www.wikidata.org/entity/Q14524057
Q16519331,http://www.wikidata.org/entity/Q16519331
Q102032642,http://www.wikidata.org/entity/Q102032642
Q106527350,http://www.wikidata.org/entity/Q106527350
Q24842448,http://www.wikidata.org/entity/Q24842448
Q2416110,http://www.wikidata.org/entity/Q2416110
Q3715150,http://www.wikidata.org/entity/Q3715150
Q300,http://www.wikidata.org/entity/Q300
Q395,http://www.wikidata.org/entity/Q395
Q12617225,http://www.wikidata.org/entity/Q12617225
Q148453,http://www.wikidata.org/entity/Q148453
Q7281,http://www.wikidata.org/entity/Q7281
Q1913135,http://www.wikidata.org/entity/Q1913135
Q2234241,http://www.wikidata.org/entity/Q2234241
Q5151421,http://www.wikidata.org/entity/Q5151421
Q854836,http://www.wikidata.org/entity/Q854836
Q3092752,http://www.wikidata.org/entity/Q3092752
Q4157675,http://www.wikidata.org/entity/Q4157675
Q68,http://www.wikidata.org/entity/Q68
Q11163999,http://www.wikidata.org/entity/Q11163999
Q954170,http://www.wikidata.org/entity/Q954170
Q10870555,http://www.wikidata.org/entity/Q10870555
Q147516,http://www.wikidata.org/entity/Q147516
Q178985,http://www.wikidata.org/entity/Q178985
Q58854,http://www.wikidata.org/entity/Q58854
Q1425198,http://www.wikidata.org/entity/Q1425198
Q1129795,http://www.wikidata.org/entity/Q1129795
Q1341659,http://www.wikidata.org/entity/Q1341659
Q1505819,http://www.wikidata.org/entity/Q1505819
Q106943510,http://www.wikidata.org/entity/Q106943510
Q581705,http://www.wikidata.org/entity/Q581705
Q2966833,http://www.wikidata.org/entity/Q2966833
Q3440942,http://www.wikidata.org/entity/Q3440942
Q1191212,http://www.wikidata.org/entity/Q1191212
Q5147136,http://www.wikidata.org/entity/Q5147136
Q11505295,http://www.wikidata.org/entity/Q11505295
Q2790785,http://www.wikidata.org/entity/Q2790785
Q3440809,http://www.wikidata.org/entity/Q3440809
Q2252176,http://www.wikidata.org/entity/Q2252176
Q16858909,http://www.wikidata.org/entity/Q16858909
Q208555,http://www.wikidata.org/entity/Q208555
Q156035,http://www.wikidata.org/entity/Q156035
Q682203,http://www.wikidata.org/entity/Q682203
Q7135551,http://www.wikidata.org/entity/Q7135551
Q24255733,http://www.wikidata.org/entity/Q24255733
Q116953130,http://www.wikidata.org/entity/Q116953130
Q15712927,http://www.wikidata.org/entity/Q15712927
Q1328330,http://www.wikidata.org/entity/Q1328330
Q2615240,http://www.wikidata.org/entity/Q2615240
Q38072107,http://www.wikidata.org/entity/Q38072107
Q55996,http://www.wikidata.org/entity/Q55996
Q21201,http://www.wikidata.org/entity/Q21201
Q192386,http://www.wikidata.org/entity/Q192386
Q622370,http://www.wikidata.org/entity/Q622370
Q603773,http://www.wikidata.org/entity/Q603773
Q2839016,http://www.wikidata.org/entity/Q2839016
Q11498787,http://www.wikidata.org/entity/Q11498787
Q851650,http://www.wikidata.org/entity/Q851650
Q2281713,http://www.wikidata.org/entity/Q2281713
Q3294465,http://www.wikidata.org/entity/Q3294465
Q5001873,http://www.wikidata.org/entity/Q5001873
Q718858,http://www.wikidata.org/entity/Q718858
Q737148,http://www.wikidata.org/entity/Q737148
Q133492,http://www.wikidata.org/entity/Q133492
Q1459574,http://www.wikidata.org/entity/Q1459574
Q995600,http://www.wikidata.org/entity/Q995600
Q21192427,http://www.wikidata.org/entity/Q21192427
Q26225475,http://www.wikidata.org/entity/Q26225475
Q7252,http://www.wikidata.org/entity/Q7252
Q475210,http://www.wikidata.org/entity/Q475210
Q5318627,http://www.wikidata.org/entity/Q5318627
Q6139969,http://www.wikidata.org/entity/Q6139969
Q393148,http://www.wikidata.org/entity/Q393148
Q1362030,http://www.wikidata.org/entity/Q1362030
Q1425557,http://www.wikidata.org/entity/Q1425557
Q626510,http://www.wikidata.org/entity/Q626510
Q1310759,http://www.wikidata.org/entity/Q1310759
Q1970381,http://www.wikidata.org/entity/Q1970381
Q2753521,http://www.wikidata.org/entity/Q2753521
Q3440922,http://www.wikidata.org/entity/Q3440922
Q36442,http://www.wikidata.org/entity/Q36442
Q117247,http://www.wikidata.org/entity/Q117247
Q11661562,http://www.wikidata.org/entity/Q11661562
Q26987767,http://www.wikidata.org/entity/Q26987767
Q165740,http://www.wikidata.org/entity/Q165740
Q252370,http://www.wikidata.org/entity/Q252370
Q377258,http://www.wikidata.org/entity/Q377258
Q217117,http://www.wikidata.org/entity/Q217117
Q18121429,http://www.wikidata.org/entity/Q18121429
Q20540385,http://www.wikidata.org/entity/Q20540385
Q11452132,http://www.wikidata.org/entity/Q11452132
Q580854,http://www.wikidata.org/entity/Q580854
Q583976,http://www.wikidata.org/entity/Q583976
Q1127717,http://www.wikidata.org/entity/Q1127717
Q1156871,http://www.wikidata.org/entity/Q1156871
Q1679766,http://www.wikidata.org/entity/Q1679766
Q1683305,http://www.wikidata.org/entity/Q1683305
Q2714804,http://www.wikidata.org/entity/Q2714804
Q3928536,http://www.wikidata.org/entity/Q3928536
Q10882176,http://www.wikidata.org/entity/Q10882176
Q3429239,http://www.wikidata.org/entity/Q3429239
Q94153037,http://www.wikidata.org/entity/Q94153037
Q100339660,http://www.wikidata.org/entity/Q100339660
Q26906566,http://www.wikidata.org/entity/Q26906566
Q108281294,http://www.wikidata.org/entity/Q108281294
Q1601739,http://www.wikidata.org/entity/Q1601739
Q3990883,http://www.wikidata.org/entity/Q3990883
Q17217514,http://www.wikidata.org/entity/Q17217514
Q108417001,http://www.wikidata.org/entity/Q108417001
Q3492614,http://www.wikidata.org/entity/Q3492614
Q4810748,http://www.wikidata.org/entity/Q4810748
Q3030248,http://www.wikidata.org/entity/Q3030248
Q1306994,http://www.wikidata.org/entity/Q1306994
Q10748613,http://www.wikidata.org/entity/Q10748613
Q2448627,http://www.wikidata.org/entity/Q2448627
Q3048395,http://www.wikidata.org/entity/Q3048395
Q3684598,http://www.wikidata.org/entity/Q3684598
Q3527611,http://www.wikidata.org/entity/Q3527611
Q1637212,http://www.wikidata.org/entity/Q1637212
Q101509260,http://www.wikidata.org/entity/Q101509260
Q102711921,http://www.wikidata.org/entity/Q102711921
Q7210294,http://www.wikidata.org/entity/Q7210294
Q7239955,http://www.wikidata.org/entity/Q7239955
Q157443,http://www.wikidata.org/entity/Q157443
Q80113,http://www.wikidata.org/entity/Q80113
Q110022526,http://www.wikidata.org/entity/Q110022526
Q110024700,http://www.wikidata.org/entity/Q110024700
Q110025156,http://www.wikidata.org/entity/Q110025156
Q1976583,http://www.wikidata.org/entity/Q1976583
Q130788,http://www.wikidata.org/entity/Q130788
Q218248,http://www.wikidata.org/entity/Q218248
Q1253136,http://www.wikidata.org/entity/Q1253136
Q28135131,http://www.wikidata.org/entity/Q28135131
Q3985225,http://www.wikidata.org/entity/Q3985225
Q19310814,http://www.wikidata.org/entity/Q19310814
Q14946913,http://www.wikidata.org/entity/Q14946913
Q813007,http://www.wikidata.org/entity/Q813007
Q12132683,http://www.wikidata.org/entity/Q12132683
Q432,http://www.wikidata.org/entity/Q432
Q281111,http://www.wikidata.org/entity/Q281111
Q173287,http://www.wikidata.org/entity/Q173287
Q2246055,http://www.wikidata.org/entity/Q2246055
Q3351966,http://www.wikidata.org/entity/Q3351966
Q37068,http://www.wikidata.org/entity/Q37068
Q186286,http://www.wikidata.org/entity/Q186286
Q3440984,http://www.wikidata.org/entity/Q3440984
Q5054705,http://www.wikidata.org/entity/Q5054705
Q119272,http://www.wikidata.org/entity/Q119272
Q20443047,http://www.wikidata.org/entity/Q20443047
Q10992055,http://www.wikidata.org/entity/Q10992055
Q11820949,http://www.wikidata.org/entity/Q11820949
Q199701,http://www.wikidata.org/entity/Q199701
Q5919309,http://www.wikidata.org/entity/Q5919309
Q3990887,http://www.wikidata.org/entity/Q3990887
Q4903289,http://www.wikidata.org/entity/Q4903289
Q243170,http://www.wikidata.org/entity/Q243170
Q2469348,http://www.wikidata.org/entity/Q2469348
Q909887,http://www.wikidata.org/entity/Q909887
Q1135882,http://www.wikidata.org/entity/Q1135882
Q530936,http://www.wikidata.org/entity/Q530936
Q683379,http://www.wikidata.org/entity/Q683379
Q3547700,http://www.wikidata.org/entity/Q3547700
Q3178617,http://www.wikidata.org/entity/Q3178617
Q102329676,http://www.wikidata.org/entity/Q102329676
Q11588760,http://www.wikidata.org/entity/Q11588760
Q21209409,http://www.wikidata.org/entity/Q21209409
Q35986,http://www.wikidata.org/entity/Q35986
Q19593921,http://www.wikidata.org/entity/Q19593921
Q623703,http://www.wikidata.org/entity/Q623703
Q836165,http://www.wikidata.org/entity/Q836165
Q1062383,http://www.wikidata.org/entity/Q1062383
Q3238422,http://www.wikidata.org/entity/Q3238422
Q1408801,http://www.wikidata.org/entity/Q1408801
Q472157,http://www.wikidata.org/entity/Q472157
Q830588,http://www.wikidata.org/entity/Q830588
Q1053765,http://www.wikidata.org/entity/Q1053765
Q208217,http://www.wikidata.org/entity/Q208217
Q2336402,http://www.wikidata.org/entity/Q2336402
Q2435402,http://www.wikidata.org/entity/Q2435402
Q2477849,http://www.wikidata.org/entity/Q2477849
Q1062400,http://www.wikidata.org/entity/Q1062400
Q629917,http://www.wikidata.org/entity/Q629917
Q1225344,http://www.wikidata.org/entity/Q1225344
Q368359,http://www.wikidata.org/entity/Q368359
Q1414089,http://www.wikidata.org/entity/Q1414089
Q11793314,http://www.wikidata.org/entity/Q11793314
Q198,http://www.wikidata.org/entity/Q198
Q103888374,http://www.wikidata.org/entity/Q103888374
Q642946,http://www.wikidata.org/entity/Q642946
Q1123381,http://www.wikidata.org/entity/Q1123381
Q16681629,http://www.wikidata.org/entity/Q16681629
Q2637313,http://www.wikidata.org/entity/Q2637313
Q905171,http://www.wikidata.org/entity/Q905171
Q643873,http://www.wikidata.org/entity/Q643873
Q2568215,http://www.wikidata.org/entity/Q2568215
Q583064,http://www.wikidata.org/entity/Q583064
Q634138,http://www.wikidata.org/entity/Q634138
Q18211112,http://www.wikidata.org/entity/Q18211112
Q26225474,http://www.wikidata.org/entity/Q26225474
Q27217074,http://www.wikidata.org/entity/Q27217074
Q39892385,http://www.wikidata.org/entity/Q39892385
Q88183450,http://www.wikidata.org/entity/Q88183450
Q10646806,http://www.wikidata.org/entity/Q10646806
Q516626,http://www.wikidata.org/entity/Q516626
Q7256214,http://www.wikidata.org/entity/Q7256214
Q11498171,http://www.wikidata.org/entity/Q11498171
Q16764901,http://www.wikidata.org/entity/Q16764901
Q1370720,http://www.wikidata.org/entity/Q1370720
Q223393,http://www.wikidata.org/entity/Q223393
Q2629564,http://www.wikidata.org/entity/Q2629564
Q3440959,http://www.wikidata.org/entity/Q3440959
Q913554,http://www.wikidata.org/entity/Q913554
Q602446,http://www.wikidata.org/entity/Q602446
Q832383,http://www.wikidata.org/entity/Q832383
Q268416,http://www.wikidata.org/entity/Q268416
Q1370860,http://www.wikidata.org/entity/Q1370860
Q1429059,http://www.wikidata.org/entity/Q1429059
Q1279564,http://www.wikidata.org/entity/Q1279564
Q3576332,http://www.wikidata.org/entity/Q3576332
Q7314134,http://www.wikidata.org/entity/Q7314134
Q142872,http://www.wikidata.org/entity/Q142872
Q183308,http://www.wikidata.org/entity/Q183308
Q60797,http://www.wikidata.org/entity/Q60797
Q837795,http://www.wikidata.org/entity/Q837795
Q3271584,http://www.wikidata.org/entity/Q3271584
Q2096028,http://www.wikidata.org/entity/Q2096028
Q2891013,http://www.wikidata.org/entity/Q2891013
Q174370,http://www.wikidata.org/entity/Q174370
Q180774,http://www.wikidata.org/entity/Q180774
Q59601511,http://www.wikidata.org/entity/Q59601511
Q12827256,http://www.wikidata.org/entity/Q12827256
Q1619888,http://www.wikidata.org/entity/Q1619888
Q2421031,http://www.wikidata.org/entity/Q2421031
Q8473,http://www.wikidata.org/entity/Q8473
Q429767,http://www.wikidata.org/entity/Q429767
Q1536561,http://www.wikidata.org/entity/Q1536561
Q1862618,http://www.wikidata.org/entity/Q1862618
Q3086228,http://www.wikidata.org/entity/Q3086228
Q7366,http://www.wikidata.org/entity/Q7366
Q5248657,http://www.wikidata.org/entity/Q5248657
Q5240628,http://www.wikidata.org/entity/Q5240628
Q2743,http://www.wikidata.org/entity/Q2743
Q12497663,http://www.wikidata.org/entity/Q12497663
Q116513838,http://www.wikidata.org/entity/Q116513838
Q53843792,http://www.wikidata.org/entity/Q53843792
Q8242,http://www.wikidata.org/entity/Q8242
Q35102,http://www.wikidata.org/entity/Q35102
Q226073,http://www.wikidata.org/entity/Q226073
Q1517777,http://www.wikidata.org/entity/Q1517777
Q2735649,http://www.wikidata.org/entity/Q2735649
Q759676,http://www.wikidata.org/entity/Q759676
Q1069928,http://www.wikidata.org/entity/Q1069928
Q222926,http://www.wikidata.org/entity/Q222926
Q5100737,http://www.wikidata.org/entity/Q5100737
Q5581671,http://www.wikidata.org/entity/Q5581671
Q26225470,http://www.wikidata.org/entity/Q26225470
Q26906556,http://www.wikidata.org/entity/Q26906556
Q109581872,http://www.wikidata.org/entity/Q109581872
Q8091,http://www.wikidata.org/entity/Q8091
Q860626,http://www.wikidata.org/entity/Q860626
Q7579932,http://www.wikidata.org/entity/Q7579932
Q484181,http://www.wikidata.org/entity/Q484181
Q582760,http://www.wikidata.org/entity/Q582760
Q26906554,http://www.wikidata.org/entity/Q26906554
Q2991560,http://www.wikidata.org/entity/Q2991560
Q3641550,http://www.wikidata.org/entity/Q3641550
Q8434,http://www.wikidata.org/entity/Q8434
Q2339879,http://www.wikidata.org/entity/Q2339879
Q1065742,http://www.wikidata.org/entity/Q1065742
Q1054330,http://www.wikidata.org/entity/Q1054330
Q619551,http://www.wikidata.org/entity/Q619551
Q34620,http://www.wikidata.org/entity/Q34620
Q20035824,http://www.wikidata.org/entity/Q20035824
Q25399066,http://www.wikidata.org/entity/Q25399066
Q1132537,http://www.wikidata.org/entity/Q1132537
Q3684595,http://www.wikidata.org/entity/Q3684595
Q574784,http://www.wikidata.org/entity/Q574784
Q12221140,http://www.wikidata.org/entity/Q12221140
Q20669574,http://www.wikidata.org/entity/Q20669574
Q193195,http://www.wikidata.org/entity/Q193195
Q830560,http://www.wikidata.org/entity/Q830560
Q4178674,http://www.wikidata.org/entity/Q4178674
Q7260336,http://www.wikidata.org/entity/Q7260336
Q595801,http://www.wikidata.org/entity/Q595801
Q4423854,http://www.wikidata.org/entity/Q4423854
Q2291311,http://www.wikidata.org/entity/Q2291311
Q106957643,http://www.wikidata.org/entity/Q106957643
Q1128592,http://www.wikidata.org/entity/Q1128592
Q34178,http://www.wikidata.org/entity/Q34178
Q735590,http://www.wikidata.org/entity/Q735590
Q7325,http://www.wikidata.org/entity/Q7325
Q45996,http://www.wikidata.org/entity/Q45996
Q1516282,http://www.wikidata.org/entity/Q1516282
Q484692,http://www.wikidata.org/entity/Q484692
Q188907,http://www.wikidata.org/entity/Q188907
Q645717,http://www.wikidata.org/entity/Q645717
Q1784733,http://www.wikidata.org/entity/Q1784733
Q17084138,http://www.wikidata.org/entity/Q17084138
Q120328176,http://www.wikidata.org/entity/Q120328176
Q548408,http://www.wikidata.org/entity/Q548408
Q335414,http://www.wikidata.org/entity/Q335414
Q1196556,http://www.wikidata.org/entity/Q1196556
Q4175813,http://www.wikidata.org/entity/Q4175813
Q1857766,http://www.wikidata.org/entity/Q1857766
Q2558308,http://www.wikidata.org/entity/Q2558308
Q26987750,http://www.wikidata.org/entity/Q26987750
Q113031155,http://www.wikidata.org/entity/Q113031155
Q50675,http://www.wikidata.org/entity/Q50675
Q25861,http://www.wikidata.org/entity/Q25861
Q11417,http://www.wikidata.org/entity/Q11417
Q25493967,http://www.wikidata.org/entity/Q25493967
Q10635804,http://www.wikidata.org/entity/Q10635804
Q780548,http://www.wikidata.org/entity/Q780548
Q5368745,http://www.wikidata.org/entity/Q5368745
Q11639251,http://www.wikidata.org/entity/Q11639251
Q161272,http://www.wikidata.org/entity/Q161272
Q2763,http://www.wikidata.org/entity/Q2763
Q446523,http://www.wikidata.org/entity/Q446523
Q2660540,http://www.wikidata.org/entity/Q2660540
Q2907672,http://www.wikidata.org/entity/Q2907672
Q472808,http://www.wikidata.org/entity/Q472808
Q864825,http://www.wikidata.org/entity/Q864825
Q5428822,http://www.wikidata.org/entity/Q5428822
Q7300427,http://www.wikidata.org/entity/Q7300427
Q2387049,http://www.wikidata.org/entity/Q2387049
Q837024,http://www.wikidata.org/entity/Q837024
Q3445758,http://www.wikidata.org/entity/Q3445758
Q1749541,http://www.wikidata.org/entity/Q1749541
Q1970664,http://www.wikidata.org/entity/Q1970664
Q93204,http://www.wikidata.org/entity/Q93204
Q59140269,http://www.wikidata.org/entity/Q59140269
Q36,http://www.wikidata.org/entity/Q36
Q17354893,http://www.wikidata.org/entity/Q17354893
Q119530,http://www.wikidata.org/entity/Q119530
Q107427,http://www.wikidata.org/entity/Q107427
Q134995,http://www.wikidata.org/entity/Q134995
Q4116214,http://www.wikidata.org/entity/Q4116214
Q2309816,http://www.wikidata.org/entity/Q2309816
Q5178486,http://www.wikidata.org/entity/Q5178486
Q4830453,http://www.wikidata.org/entity/Q4830453
Q226730,http://www.wikidata.org/entity/Q226730
Q213753,http://www.wikidata.org/entity/Q213753
Q18126823,http://www.wikidata.org/entity/Q18126823
Q1978454,http://www.wikidata.org/entity/Q1978454
Q23404,http://www.wikidata.org/entity/Q23404
Q1660122,http://www.wikidata.org/entity/Q1660122
Q56000,http://www.wikidata.org/entity/Q56000
Q11633,http://www.wikidata.org/entity/Q11633
Q7291983,http://www.wikidata.org/entity/Q7291983
Q1050187,http://www.wikidata.org/entity/Q1050187
Q178651,http://www.wikidata.org/entity/Q178651
Q1501543,http://www.wikidata.org/entity/Q1501543
Q81009,http://www.wikidata.org/entity/Q81009
Q187900,http://www.wikidata.org/entity/Q187900
Q1180750,http://www.wikidata.org/entity/Q1180750
Q1209244,http://www.wikidata.org/entity/Q1209244
Q4465768,http://www.wikidata.org/entity/Q4465768
Q7102502,http://www.wikidata.org/entity/Q7102502
Q1427116,http://www.wikidata.org/entity/Q1427116
Q20024995,http://www.wikidata.org/entity/Q20024995
Q745692,http://www.wikidata.org/entity/Q745692
Q4160933,http://www.wikidata.org/entity/Q4160933
Q3284176,http://www.wikidata.org/entity/Q3284176
Q188473,http://www.wikidata.org/entity/Q188473
Q16324495,http://www.wikidata.org/entity/Q16324495
Q7490621,http://www.wikidata.org/entity/Q7490621
Q282,http://www.wikidata.org/entity/Q282
Q4375672,http://www.wikidata.org/entity/Q4375672
Q1436734,http://www.wikidata.org/entity/Q1436734
Q192933,http://www.wikidata.org/entity/Q192933
Q8134,http://www.wikidata.org/entity/Q8134
Q3061019,http://www.wikidata.org/entity/Q3061019
Q110293051,http://www.wikidata.org/entity/Q110293051
Q1191609,http://www.wikidata.org/entity/Q1191609
Q1643932,http://www.wikidata.org/entity/Q1643932
Q5105016,http://www.wikidata.org/entity/Q5105016
Q2640207,http://www.wikidata.org/entity/Q2640207
Q111972467,http://www.wikidata.org/entity/Q111972467
Q171341,http://www.wikidata.org/entity/Q171341
Q1399144,http://www.wikidata.org/entity/Q1399144
Q1614239,http://www.wikidata.org/entity/Q1614239
Q1659897,http://www.wikidata.org/entity/Q1659897
Q4263804,http://www.wikidata.org/entity/Q4263804
Q12042160,http://www.wikidata.org/entity/Q12042160
Q83267,http://www.wikidata.org/entity/Q83267
Q188952,http://www.wikidata.org/entity/Q188952
Q316,http://www.wikidata.org/entity/Q316
Q188784,http://www.wikidata.org/entity/Q188784
Q28026639,http://www.wikidata.org/entity/Q28026639
Q15637305,http://www.wikidata.org/entity/Q15637305
Q895311,http://www.wikidata.org/entity/Q895311
Q1059772,http://www.wikidata.org/entity/Q1059772
Q3527765,http://www.wikidata.org/entity/Q3527765
Q11024,http://www.wikidata.org/entity/Q11024
Q309,http://www.wikidata.org/entity/Q309
Q668,http://www.wikidata.org/entity/Q668
Q1071,http://www.wikidata.org/entity/Q1071
Q27406,http://www.wikidata.org/entity/Q27406
Q332102,http://www.wikidata.org/entity/Q332102
Q16657177,http://www.wikidata.org/entity/Q16657177
Q494383,http://www.wikidata.org/entity/Q494383
Q5369583,http://www.wikidata.org/entity/Q5369583
Q11190,http://www.wikidata.org/entity/Q11190
Q9410,http://www.wikidata.org/entity/Q9410
Q55620443,http://www.wikidata.org/entity/Q55620443
Q2144359,http://www.wikidata.org/entity/Q2144359
Q1391417,http://www.wikidata.org/entity/Q1391417
Q11630951,http://www.wikidata.org/entity/Q11630951
Q166542,http://www.wikidata.org/entity/Q166542
Q1547338,http://www.wikidata.org/entity/Q1547338
Q244783,http://www.wikidata.org/entity/Q244783
Q461524,http://www.wikidata.org/entity/Q461524
Q20442589,http://www.wikidata.org/entity/Q20442589
Q20088182,http://www.wikidata.org/entity/Q20088182
Q4292083,http://www.wikidata.org/entity/Q4292083
Q918727,http://www.wikidata.org/entity/Q918727
Q5098261,http://www.wikidata.org/entity/Q5098261
Q138679,http://www.wikidata.org/entity/Q138679
Q4745527,http://www.wikidata.org/entity/Q4745527
Q20664530,http://www.wikidata.org/entity/Q20664530
Q114094589,http://www.wikidata.org/entity/Q114094589
Q349,http://www.wikidata.org/entity/Q349
Q47783,http://www.wikidata.org/entity/Q47783
Q4713039,http://www.wikidata.org/entity/Q4713039
Q650483,http://www.wikidata.org/entity/Q650483
Q878985,http://www.wikidata.org/entity/Q878985
Q2991535,http://www.wikidata.org/entity/Q2991535
Q4493801,http://www.wikidata.org/entity/Q4493801
Q112075077,http://www.wikidata.org/entity/Q112075077
Q52226,http://www.wikidata.org/entity/Q52226
Q47555,http://www.wikidata.org/entity/Q47555
Q234343,http://www.wikidata.org/entity/Q234343
Q831663,http://www.wikidata.org/entity/Q831663
Q7188,http://www.wikidata.org/entity/Q7188
Q1217379,http://www.wikidata.org/entity/Q1217379
Q1323450,http://www.wikidata.org/entity/Q1323450
Q850525,http://www.wikidata.org/entity/Q850525
Q12227696,http://www.wikidata.org/entity/Q12227696
Q16363676,http://www.wikidata.org/entity/Q16363676
Q330963,http://www.wikidata.org/entity/Q330963
Q106833,http://www.wikidata.org/entity/Q106833
Q3302930,http://www.wikidata.org/entity/Q3302930
Q111972389,http://www.wikidata.org/entity/Q111972389
Q7860,http://www.wikidata.org/entity/Q7860
Q17955,http://www.wikidata.org/entity/Q17955
Q442725,http://www.wikidata.org/entity/Q442725
Q8676,http://www.wikidata.org/entity/Q8676
Q187685,http://www.wikidata.org/entity/Q187685
Q178934,http://www.wikidata.org/entity/Q178934
Q1233116,http://www.wikidata.org/entity/Q1233116
Q897682,http://www.wikidata.org/entity/Q897682
Q661513,http://www.wikidata.org/entity/Q661513
Q12335841,http://www.wikidata.org/entity/Q12335841
Q6498453,http://www.wikidata.org/entity/Q6498453
Q3839081,http://www.wikidata.org/entity/Q3839081
Q32090,http://www.wikidata.org/entity/Q32090
Q1360761,http://www.wikidata.org/entity/Q1360761
Q2329,http://www.wikidata.org/entity/Q2329
Q7210274,http://www.wikidata.org/entity/Q7210274
Q20669538,http://www.wikidata.org/entity/Q20669538
Q735,http://www.wikidata.org/entity/Q735
Q604219,http://www.wikidata.org/entity/Q604219
Q1106827,http://www.wikidata.org/entity/Q1106827
Q43015,http://www.wikidata.org/entity/Q43015
Q85133165,http://www.wikidata.org/entity/Q85133165
Q28598,http://www.wikidata.org/entity/Q28598
Q131110,http://www.wikidata.org/entity/Q131110
Q627187,http://www.wikidata.org/entity/Q627187
Q1084059,http://www.wikidata.org/entity/Q1084059
Q3595749,http://www.wikidata.org/entity/Q3595749
Q1471717,http://www.wikidata.org/entity/Q1471717
Q754803,http://www.wikidata.org/entity/Q754803
Q2502127,http://www.wikidata.org/entity/Q2502127
Q4573875,http://www.wikidata.org/entity/Q4573875
Q6983518,http://www.wikidata.org/entity/Q6983518
Q112325889,http://www.wikidata.org/entity/Q112325889
Q1516252,http://www.wikidata.org/entity/Q1516252
Q23739,http://www.wikidata.org/entity/Q23739
Q170238,http://www.wikidata.org/entity/Q170238
Q42240,http://www.wikidata.org/entity/Q42240
Q367591,http://www.wikidata.org/entity/Q367591
Q106039,http://www.wikidata.org/entity/Q106039
Q226901,http://www.wikidata.org/entity/Q226901
Q2006877,http://www.wikidata.org/entity/Q2006877
Q1066186,http://www.wikidata.org/entity/Q1066186
Q9050907,http://www.wikidata.org/entity/Q9050907
Q1132127,http://www.wikidata.org/entity/Q1132127
Q5305769,http://www.wikidata.org/entity/Q5305769
Q4877154,http://www.wikidata.org/entity/Q4877154
Q383968,http://www.wikidata.org/entity/Q383968
Q343568,http://www.wikidata.org/entity/Q343568
Q855270,http://www.wikidata.org/entity/Q855270
Q1044646,http://www.wikidata.org/entity/Q1044646
Q55830207,http://www.wikidata.org/entity/Q55830207
Q7900118,http://www.wikidata.org/entity/Q7900118
Q216545,http://www.wikidata.org/entity/Q216545
Q2319401,http://www.wikidata.org/entity/Q2319401
Q333,http://www.wikidata.org/entity/Q333
Q1377898,http://www.wikidata.org/entity/Q1377898
Q413,http://www.wikidata.org/entity/Q413
Q109361415,http://www.wikidata.org/entity/Q109361415
Q6636,http://www.wikidata.org/entity/Q6636
Q83500,http://www.wikidata.org/entity/Q83500
Q835067,http://www.wikidata.org/entity/Q835067
Q2634688,http://www.wikidata.org/entity/Q2634688
Q188863,http://www.wikidata.org/entity/Q188863
Q538904,http://www.wikidata.org/entity/Q538904
Q358998,http://www.wikidata.org/entity/Q358998
Q897755,http://www.wikidata.org/entity/Q897755
Q3739522,http://www.wikidata.org/entity/Q3739522
Q678363,http://www.wikidata.org/entity/Q678363
Q1548170,http://www.wikidata.org/entity/Q1548170
Q1778821,http://www.wikidata.org/entity/Q1778821
Q213457,http://www.wikidata.org/entity/Q213457
Q11781628,http://www.wikidata.org/entity/Q11781628
Q5961487,http://www.wikidata.org/entity/Q5961487
Q36633,http://www.wikidata.org/entity/Q36633
Q65966627,http://www.wikidata.org/entity/Q65966627
Q103319035,http://www.wikidata.org/entity/Q103319035
Q1890313,http://www.wikidata.org/entity/Q1890313
Q1087563,http://www.wikidata.org/entity/Q1087563
Q11030,http://www.wikidata.org/entity/Q11030
Q12147,http://www.wikidata.org/entity/Q12147
Q12483,http://www.wikidata.org/entity/Q12483
Q124922,http://www.wikidata.org/entity/Q124922
Q1054574,http://www.wikidata.org/entity/Q1054574
Q499327,http://www.wikidata.org/entity/Q499327
Q209295,http://www.wikidata.org/entity/Q209295
Q194100,http://www.wikidata.org/entity/Q194100
Q1123037,http://www.wikidata.org/entity/Q1123037
Q638608,http://www.wikidata.org/entity/Q638608
Q24960157,http://www.wikidata.org/entity/Q24960157
Q55594385,http://www.wikidata.org/entity/Q55594385
Q3381576,http://www.wikidata.org/entity/Q3381576
Q165950,http://www.wikidata.org/entity/Q165950
Q4485157,http://www.wikidata.org/entity/Q4485157
Q141126,http://www.wikidata.org/entity/Q141126
Q56165908,http://www.wikidata.org/entity/Q56165908
Q41425,http://www.wikidata.org/entity/Q41425
Q6241,http://www.wikidata.org/entity/Q6241
Q3427762,http://www.wikidata.org/entity/Q3427762
Q255189,http://www.wikidata.org/entity/Q255189
Q1367434,http://www.wikidata.org/entity/Q1367434
Q1375,http://www.wikidata.org/entity/Q1375
Q7155,http://www.wikidata.org/entity/Q7155
Q1436115,http://www.wikidata.org/entity/Q1436115
Q428,http://www.wikidata.org/entity/Q428
Q3831106,http://www.wikidata.org/entity/Q3831106
Q613048,http://www.wikidata.org/entity/Q613048
Q170912,http://www.wikidata.org/entity/Q170912
Q497976,http://www.wikidata.org/entity/Q497976
Q715697,http://www.wikidata.org/entity/Q715697
Q2781249,http://www.wikidata.org/entity/Q2781249
Q1528838,http://www.wikidata.org/entity/Q1528838
Q3481604,http://www.wikidata.org/entity/Q3481604
Q2095,http://www.wikidata.org/entity/Q2095
Q488053,http://www.wikidata.org/entity/Q488053
Q131774,http://www.wikidata.org/entity/Q131774
Q39427,http://www.wikidata.org/entity/Q39427
Q1628649,http://www.wikidata.org/entity/Q1628649
Q2084705,http://www.wikidata.org/entity/Q2084705
Q3281534,http://www.wikidata.org/entity/Q3281534
Q1345152,http://www.wikidata.org/entity/Q1345152
Q1716022,http://www.wikidata.org/entity/Q1716022
Q2092492,http://www.wikidata.org/entity/Q2092492
Q1349065,http://www.wikidata.org/entity/Q1349065
Q1762165,http://www.wikidata.org/entity/Q1762165
Q1785609,http://www.wikidata.org/entity/Q1785609
Q934605,http://www.wikidata.org/entity/Q934605
Q6103417,http://www.wikidata.org/entity/Q6103417
Q1471505,http://www.wikidata.org/entity/Q1471505
Q1875777,http://www.wikidata.org/entity/Q1875777
Q7832362,http://www.wikidata.org/entity/Q7832362
Q678551,http://www.wikidata.org/entity/Q678551
Q961603,http://www.wikidata.org/entity/Q961603
Q2447078,http://www.wikidata.org/entity/Q2447078
Q104525354,http://www.wikidata.org/entity/Q104525354
Q9350,http://www.wikidata.org/entity/Q9350
Q123006,http://www.wikidata.org/entity/Q123006
Q181283,http://www.wikidata.org/entity/Q181283
Q1347359,http://www.wikidata.org/entity/Q1347359
Q388170,http://www.wikidata.org/entity/Q388170
Q3038946,http://www.wikidata.org/entity/Q3038946
Q3289114,http://www.wikidata.org/entity/Q3289114
Q228736,http://www.wikidata.org/entity/Q228736
Q7187643,http://www.wikidata.org/entity/Q7187643
Q459435,http://www.wikidata.org/entity/Q459435
Q189603,http://www.wikidata.org/entity/Q189603
Q42194402,http://www.wikidata.org/entity/Q42194402
Q4356679,http://www.wikidata.org/entity/Q4356679
Q148,http://www.wikidata.org/entity/Q148
Q6186,http://www.wikidata.org/entity/Q6186
Q2737409,http://www.wikidata.org/entity/Q2737409
Q9465,http://www.wikidata.org/entity/Q9465
Q53706,http://www.wikidata.org/entity/Q53706
Q1100736,http://www.wikidata.org/entity/Q1100736
Q742530,http://www.wikidata.org/entity/Q742530
Q1147507,http://www.wikidata.org/entity/Q1147507
Q13698,http://www.wikidata.org/entity/Q13698
Q638022,http://www.wikidata.org/entity/Q638022
Q7792919,http://www.wikidata.org/entity/Q7792919
Q1273568,http://www.wikidata.org/entity/Q1273568
Q739672,http://www.wikidata.org/entity/Q739672
Q588750,http://www.wikidata.org/entity/Q588750
Q90257546,http://www.wikidata.org/entity/Q90257546
Q56064758,http://www.wikidata.org/entity/Q56064758
Q7303349,http://www.wikidata.org/entity/Q7303349
Q12060881,http://www.wikidata.org/entity/Q12060881
Q201486,http://www.wikidata.org/entity/Q201486
Q1369514,http://www.wikidata.org/entity/Q1369514
Q1874033,http://www.wikidata.org/entity/Q1874033
Q131084,http://www.wikidata.org/entity/Q131084
Q46241,http://www.wikidata.org/entity/Q46241
Q2657969,http://www.wikidata.org/entity/Q2657969
Q3656658,http://www.wikidata.org/entity/Q3656658
Q12409117,http://www.wikidata.org/entity/Q12409117
Q729,http://www.wikidata.org/entity/Q729
Q49297,http://www.wikidata.org/entity/Q49297
Q1350157,http://www.wikidata.org/entity/Q1350157
Q1133076,http://www.wikidata.org/entity/Q1133076
Q1361181,http://www.wikidata.org/entity/Q1361181
Q5098270,http://www.wikidata.org/entity/Q5098270
Q38695,http://www.wikidata.org/entity/Q38695
Q727928,http://www.wikidata.org/entity/Q727928
Q47307,http://www.wikidata.org/entity/Q47307
Q6548306,http://www.wikidata.org/entity/Q6548306
Q1520073,http://www.wikidata.org/entity/Q1520073
Q20443008,http://www.wikidata.org/entity/Q20443008
Q7354827,http://www.wikidata.org/entity/Q7354827
Q4903125,http://www.wikidata.org/entity/Q4903125
Q1581290,http://www.wikidata.org/entity/Q1581290
Q59115,http://www.wikidata.org/entity/Q59115
Q3274976,http://www.wikidata.org/entity/Q3274976
Q6942546,http://www.wikidata.org/entity/Q6942546
Q362,http://www.wikidata.org/entity/Q362
Q662826,http://www.wikidata.org/entity/Q662826
Q1166618,http://www.wikidata.org/entity/Q1166618
Q7691272,http://www.wikidata.org/entity/Q7691272
Q12404438,http://www.wikidata.org/entity/Q12404438
Q170593,http://www.wikidata.org/entity/Q170593
Q483889,http://www.wikidata.org/entity/Q483889
Q752321,http://www.wikidata.org/entity/Q752321
Q3595114,http://www.wikidata.org/entity/Q3595114
Q1187053,http://www.wikidata.org/entity/Q1187053
Q1464369,http://www.wikidata.org/entity/Q1464369
Q1591288,http://www.wikidata.org/entity/Q1591288
Q213369,http://www.wikidata.org/entity/Q213369
Q312,http://www.wikidata.org/entity/Q312
Q79770779,http://www.wikidata.org/entity/Q79770779
Q111972478,http://www.wikidata.org/entity/Q111972478
Q7049102,http://www.wikidata.org/entity/Q7049102
Q157394,http://www.wikidata.org/entity/Q157394
Q556014,http://www.wikidata.org/entity/Q556014
Q102331591,http://www.wikidata.org/entity/Q102331591
Q748,http://www.wikidata.org/entity/Q748
Q2577364,http://www.wikidata.org/entity/Q2577364
Q3099146,http://www.wikidata.org/entity/Q3099146
Q3337126,http://www.wikidata.org/entity/Q3337126
Q1125196,http://www.wikidata.org/entity/Q1125196
Q2140240,http://www.wikidata.org/entity/Q2140240
Q1650727,http://www.wikidata.org/entity/Q1650727
Q7186228,http://www.wikidata.org/entity/Q7186228
Q39809,http://www.wikidata.org/entity/Q39809
Q943453,http://www.wikidata.org/entity/Q943453
Q3344204,http://www.wikidata.org/entity/Q3344204
Q194380,http://www.wikidata.org/entity/Q194380
Q843,http://www.wikidata.org/entity/Q843
Q6199,http://www.wikidata.org/entity/Q6199
Q79037,http://www.wikidata.org/entity/Q79037
Q8078,http://www.wikidata.org/entity/Q8078
Q3059502,http://www.wikidata.org/entity/Q3059502
Q3255011,http://www.wikidata.org/entity/Q3255011
Q746727,http://www.wikidata.org/entity/Q746727
Q188867,http://www.wikidata.org/entity/Q188867
Q174923,http://www.wikidata.org/entity/Q174923
Q143217,http://www.wikidata.org/entity/Q143217
Q2088593,http://www.wikidata.org/entity/Q2088593
Q7569,http://www.wikidata.org/entity/Q7569
Q2556103,http://www.wikidata.org/entity/Q2556103
Q3041865,http://www.wikidata.org/entity/Q3041865
Q506858,http://www.wikidata.org/entity/Q506858
Q34749,http://www.wikidata.org/entity/Q34749
Q874803,http://www.wikidata.org/entity/Q874803
Q39818,http://www.wikidata.org/entity/Q39818
Q1143847,http://www.wikidata.org/entity/Q1143847
Q3096995,http://www.wikidata.org/entity/Q3096995
Q1194365,http://www.wikidata.org/entity/Q1194365
Q8035607,http://www.wikidata.org/entity/Q8035607
Q572901,http://www.wikidata.org/entity/Q572901
Q107542373,http://www.wikidata.org/entity/Q107542373
Q47398,http://www.wikidata.org/entity/Q47398
Q45393,http://www.wikidata.org/entity/Q45393
Q626225,http://www.wikidata.org/entity/Q626225
Q747802,http://www.wikidata.org/entity/Q747802
Q210121,http://www.wikidata.org/entity/Q210121
Q681737,http://www.wikidata.org/entity/Q681737
Q4482,http://www.wikidata.org/entity/Q4482
Q2183341,http://www.wikidata.org/entity/Q2183341
Q3640599,http://www.wikidata.org/entity/Q3640599
Q7643432,http://www.wikidata.org/entity/Q7643432
Q4290,http://www.wikidata.org/entity/Q4290
Q11016,http://www.wikidata.org/entity/Q11016
Q388207,http://www.wikidata.org/entity/Q388207
Q1711400,http://www.wikidata.org/entity/Q1711400
Q6960689,http://www.wikidata.org/entity/Q6960689
Q612024,http://www.wikidata.org/entity/Q612024
Q1568,http://www.wikidata.org/entity/Q1568
Q6497044,http://www.wikidata.org/entity/Q6497044
Q2855609,http://www.wikidata.org/entity/Q2855609
Q638,http://www.wikidata.org/entity/Q638
Q7167,http://www.wikidata.org/entity/Q7167
Q46337,http://www.wikidata.org/entity/Q46337
Q836655,http://www.wikidata.org/entity/Q836655
Q253613,http://www.wikidata.org/entity/Q253613
Q1224999,http://www.wikidata.org/entity/Q1224999
Q3495027,http://www.wikidata.org/entity/Q3495027
Q55738783,http://www.wikidata.org/entity/Q55738783
Q7433672,http://www.wikidata.org/entity/Q7433672
Q7708276,http://www.wikidata.org/entity/Q7708276
Q674530,http://www.wikidata.org/entity/Q674530
Q27172,http://www.wikidata.org/entity/Q27172
Q5883078,http://www.wikidata.org/entity/Q5883078
Q1897671,http://www.wikidata.org/entity/Q1897671
Q86860,http://www.wikidata.org/entity/Q86860
Q1328940,http://www.wikidata.org/entity/Q1328940
Q7958155,http://www.wikidata.org/entity/Q7958155
Q46721,http://www.wikidata.org/entity/Q46721
Q63241849,http://www.wikidata.org/entity/Q63241849
Q1662673,http://www.wikidata.org/entity/Q1662673
Q775169,http://www.wikidata.org/entity/Q775169
Q15706467,http://www.wikidata.org/entity/Q15706467
Q17345318,http://www.wikidata.org/entity/Q17345318
Q192520,http://www.wikidata.org/entity/Q192520
Q27968,http://www.wikidata.org/entity/Q27968
Q3908516,http://www.wikidata.org/entity/Q3908516
Q845648,http://www.wikidata.org/entity/Q845648
Q80994,http://www.wikidata.org/entity/Q80994
Q185529,http://www.wikidata.org/entity/Q185529
Q908604,http://www.wikidata.org/entity/Q908604
Q858517,http://www.wikidata.org/entity/Q858517
Q5465542,http://www.wikidata.org/entity/Q5465542
Q27654,http://www.wikidata.org/entity/Q27654
Q121769,http://www.wikidata.org/entity/Q121769
Q1776053,http://www.wikidata.org/entity/Q1776053
Q1723523,http://www.wikidata.org/entity/Q1723523
Q206287,http://www.wikidata.org/entity/Q206287
Q7432631,http://www.wikidata.org/entity/Q7432631
Q7953,http://www.wikidata.org/entity/Q7953
Q28797,http://www.wikidata.org/entity/Q28797
Q21198,http://www.wikidata.org/entity/Q21198
Q8425,http://www.wikidata.org/entity/Q8425
Q11416,http://www.wikidata.org/entity/Q11416
Q15838173,http://www.wikidata.org/entity/Q15838173
Q108458,http://www.wikidata.org/entity/Q108458
Q63346325,http://www.wikidata.org/entity/Q63346325
Q110275970,http://www.wikidata.org/entity/Q110275970
Q110275985,http://www.wikidata.org/entity/Q110275985
Q1521451,http://www.wikidata.org/entity/Q1521451
Q1366112,http://www.wikidata.org/entity/Q1366112
Q477544,http://www.wikidata.org/entity/Q477544
Q7256340,http://www.wikidata.org/entity/Q7256340
Q80131,http://www.wikidata.org/entity/Q80131
Q1042156,http://www.wikidata.org/entity/Q1042156
Q333247,http://www.wikidata.org/entity/Q333247
Q82604,http://www.wikidata.org/entity/Q82604
Q5895922,http://www.wikidata.org/entity/Q5895922
Q1066582,http://www.wikidata.org/entity/Q1066582
Q4116529,http://www.wikidata.org/entity/Q4116529
Q3306693,http://www.wikidata.org/entity/Q3306693
Q6955,http://www.wikidata.org/entity/Q6955
Q8052,http://www.wikidata.org/entity/Q8052
Q133805,http://www.wikidata.org/entity/Q133805
Q186075,http://www.wikidata.org/entity/Q186075
Q7867,http://www.wikidata.org/entity/Q7867
Q112325254,http://www.wikidata.org/entity/Q112325254
Q78994,http://www.wikidata.org/entity/Q78994
Q1194480,http://www.wikidata.org/entity/Q1194480
Q2999042,http://www.wikidata.org/entity/Q2999042
Q9263563,http://www.wikidata.org/entity/Q9263563
Q215616,http://www.wikidata.org/entity/Q215616
Q223638,http://www.wikidata.org/entity/Q223638
Q3131713,http://www.wikidata.org/entity/Q3131713
Q4034405,http://www.wikidata.org/entity/Q4034405
Q55611959,http://www.wikidata.org/entity/Q55611959
Q11401,http://www.wikidata.org/entity/Q11401
Q22649,http://www.wikidata.org/entity/Q22649
Q34726,http://www.wikidata.org/entity/Q34726
Q275242,http://www.wikidata.org/entity/Q275242
Q1211427,http://www.wikidata.org/entity/Q1211427
Q1133657,http://www.wikidata.org/entity/Q1133657
Q835649,http://www.wikidata.org/entity/Q835649
Q267591,http://www.wikidata.org/entity/Q267591
Q2308254,http://www.wikidata.org/entity/Q2308254
Q4769616,http://www.wikidata.org/entity/Q4769616
Q460214,http://www.wikidata.org/entity/Q460214
Q783287,http://www.wikidata.org/entity/Q783287
Q3362516,http://www.wikidata.org/entity/Q3362516
Q7502092,http://www.wikidata.org/entity/Q7502092
Q1033810,http://www.wikidata.org/entity/Q1033810
Q6119667,http://www.wikidata.org/entity/Q6119667
Q1107,http://www.wikidata.org/entity/Q1107
Q82375,http://www.wikidata.org/entity/Q82375
Q31207,http://www.wikidata.org/entity/Q31207
Q159535,http://www.wikidata.org/entity/Q159535
Q170931,http://www.wikidata.org/entity/Q170931
Q134307,http://www.wikidata.org/entity/Q134307
Q82386,http://www.wikidata.org/entity/Q82386
Q16917,http://www.wikidata.org/entity/Q16917
Q201424,http://www.wikidata.org/entity/Q201424
Q877342,http://www.wikidata.org/entity/Q877342
Q352904,http://www.wikidata.org/entity/Q352904
Q1033640,http://www.wikidata.org/entity/Q1033640
Q5118086,http://www.wikidata.org/entity/Q5118086
Q2005755,http://www.wikidata.org/entity/Q2005755
Q3304749,http://www.wikidata.org/entity/Q3304749
Q3304753,http://www.wikidata.org/entity/Q3304753
Q6060520,http://www.wikidata.org/entity/Q6060520
Q11396323,http://www.wikidata.org/entity/Q11396323
Q4743915,http://www.wikidata.org/entity/Q4743915
Q11455429,http://www.wikidata.org/entity/Q11455429
Q11637452,http://www.wikidata.org/entity/Q11637452
Q7228468,http://www.wikidata.org/entity/Q7228468
Q98526239,http://www.wikidata.org/entity/Q98526239
Q889,http://www.wikidata.org/entity/Q889
Q2368408,http://www.wikidata.org/entity/Q2368408
Q219611,http://www.wikidata.org/entity/Q219611
Q26553,http://www.wikidata.org/entity/Q26553
Q225140,http://www.wikidata.org/entity/Q225140
Q3179173,http://www.wikidata.org/entity/Q3179173
Q891382,http://www.wikidata.org/entity/Q891382
Q1139378,http://www.wikidata.org/entity/Q1139378
Q15673106,http://www.wikidata.org/entity/Q15673106
Q7830544,http://www.wikidata.org/entity/Q7830544
Q49389,http://www.wikidata.org/entity/Q49389
Q38848,http://www.wikidata.org/entity/Q38848
Q1411476,http://www.wikidata.org/entity/Q1411476
Q2497655,http://www.wikidata.org/entity/Q2497655
Q631163,http://www.wikidata.org/entity/Q631163
Q133908,http://www.wikidata.org/entity/Q133908
Q4380197,http://www.wikidata.org/entity/Q4380197
Q5135744,http://www.wikidata.org/entity/Q5135744
Q922203,http://www.wikidata.org/entity/Q922203
Q336059,http://www.wikidata.org/entity/Q336059
Q842256,http://www.wikidata.org/entity/Q842256
Q66744724,http://www.wikidata.org/entity/Q66744724
Q930910,http://www.wikidata.org/entity/Q930910
Q2122677,http://www.wikidata.org/entity/Q2122677
Q49848,http://www.wikidata.org/entity/Q49848
Q182832,http://www.wikidata.org/entity/Q182832
Q491679,http://www.wikidata.org/entity/Q491679
Q61509,http://www.wikidata.org/entity/Q61509
Q56313250,http://www.wikidata.org/entity/Q56313250
Q939935,http://www.wikidata.org/entity/Q939935
Q35798,http://www.wikidata.org/entity/Q35798
Q11611056,http://www.wikidata.org/entity/Q11611056
Q104177180,http://www.wikidata.org/entity/Q104177180
Q664112,http://www.wikidata.org/entity/Q664112
Q7362392,http://www.wikidata.org/entity/Q7362392
Q645928,http://www.wikidata.org/entity/Q645928
Q5287,http://www.wikidata.org/entity/Q5287
Q1497584,http://www.wikidata.org/entity/Q1497584
Q289,http://www.wikidata.org/entity/Q289
Q1122677,http://www.wikidata.org/entity/Q1122677
Q50637,http://www.wikidata.org/entity/Q50637
Q11907725,http://www.wikidata.org/entity/Q11907725
Q229150,http://www.wikidata.org/entity/Q229150
Q1246128,http://www.wikidata.org/entity/Q1246128
Q15890340,http://www.wikidata.org/entity/Q15890340
Q319221,http://www.wikidata.org/entity/Q319221
Q219559,http://www.wikidata.org/entity/Q219559
Q1993117,http://www.wikidata.org/entity/Q1993117
Q15286013,http://www.wikidata.org/entity/Q15286013
Q16519334,http://www.wikidata.org/entity/Q16519334
Q30283396,http://www.wikidata.org/entity/Q30283396
Q8,http://www.wikidata.org/entity/Q8
Q1136545,http://www.wikidata.org/entity/Q1136545
Q1991869,http://www.wikidata.org/entity/Q1991869
Q1039099,http://www.wikidata.org/entity/Q1039099
Q16517472,http://www.wikidata.org/entity/Q16517472
Q115983268,http://www.wikidata.org/entity/Q115983268
Q1091366,http://www.wikidata.org/entity/Q1091366
Q13855779,http://www.wikidata.org/entity/Q13855779
Q15253354,http://www.wikidata.org/entity/Q15253354
Q1368848,http://www.wikidata.org/entity/Q1368848
Q51640,http://www.wikidata.org/entity/Q51640
Q11816927,http://www.wikidata.org/entity/Q11816927
Q7310,http://www.wikidata.org/entity/Q7310
Q1864294,http://www.wikidata.org/entity/Q1864294
Q780605,http://www.wikidata.org/entity/Q780605
Q159810,http://www.wikidata.org/entity/Q159810
Q4797221,http://www.wikidata.org/entity/Q4797221
Q1425683,http://www.wikidata.org/entity/Q1425683
Q11968335,http://www.wikidata.org/entity/Q11968335
Q5146094,http://www.wikidata.org/entity/Q5146094
Q20521982,http://www.wikidata.org/entity/Q20521982
Q6038556,http://www.wikidata.org/entity/Q6038556
Q8096,http://www.wikidata.org/entity/Q8096
Q6025203,http://www.wikidata.org/entity/Q6025203
Q131272,http://www.wikidata.org/entity/Q131272
Q1440451,http://www.wikidata.org/entity/Q1440451
Q1640439,http://www.wikidata.org/entity/Q1640439
Q111972495,http://www.wikidata.org/entity/Q111972495
Q119796181,http://www.wikidata.org/entity/Q119796181
Q112754,http://www.wikidata.org/entity/Q112754
Q183770,http://www.wikidata.org/entity/Q183770
Q179274,http://www.wikidata.org/entity/Q179274
Q395321,http://www.wikidata.org/entity/Q395321
Q835023,http://www.wikidata.org/entity/Q835023
Q1146335,http://www.wikidata.org/entity/Q1146335
Q558929,http://www.wikidata.org/entity/Q558929
Q2140453,http://www.wikidata.org/entity/Q2140453
Q1472357,http://www.wikidata.org/entity/Q1472357
Q1366370,http://www.wikidata.org/entity/Q1366370
Q1769139,http://www.wikidata.org/entity/Q1769139
Q4914887,http://www.wikidata.org/entity/Q4914887
Q6864891,http://www.wikidata.org/entity/Q6864891
Q12227670,http://www.wikidata.org/entity/Q12227670
Q12199141,http://www.wikidata.org/entity/Q12199141
Q68200780,http://www.wikidata.org/entity/Q68200780
Q70328030,http://www.wikidata.org/entity/Q70328030
Q855726,http://www.wikidata.org/entity/Q855726
Q12410756,http://www.wikidata.org/entity/Q12410756
Q267628,http://www.wikidata.org/entity/Q267628
Q471839,http://www.wikidata.org/entity/Q471839
Q109440882,http://www.wikidata.org/entity/Q109440882
Q2883183,http://www.wikidata.org/entity/Q2883183
Q3326349,http://www.wikidata.org/entity/Q3326349
Q5778924,http://www.wikidata.org/entity/Q5778924
Q7553,http://www.wikidata.org/entity/Q7553
Q1982799,http://www.wikidata.org/entity/Q1982799
Q2427245,http://www.wikidata.org/entity/Q2427245
Q4369740,http://www.wikidata.org/entity/Q4369740
Q729546,http://www.wikidata.org/entity/Q729546
Q170207,http://www.wikidata.org/entity/Q170207
Q234764,http://www.wikidata.org/entity/Q234764
Q910109,http://www.wikidata.org/entity/Q910109
Q6634083,http://www.wikidata.org/entity/Q6634083
Q104843341,http://www.wikidata.org/entity/Q104843341
Q107356803,http://www.wikidata.org/entity/Q107356803
Q441,http://www.wikidata.org/entity/Q441
Q599558,http://www.wikidata.org/entity/Q599558
Q3310776,http://www.wikidata.org/entity/Q3310776
Q145806,http://www.wikidata.org/entity/Q145806
Q104783349,http://www.wikidata.org/entity/Q104783349
Q1280802,http://www.wikidata.org/entity/Q1280802
Q2128336,http://www.wikidata.org/entity/Q2128336
Q10493645,http://www.wikidata.org/entity/Q10493645
Q73270296,http://www.wikidata.org/entity/Q73270296
Q111278985,http://www.wikidata.org/entity/Q111278985
Q235858,http://www.wikidata.org/entity/Q235858
Q6139660,http://www.wikidata.org/entity/Q6139660
Q6165240,http://www.wikidata.org/entity/Q6165240
Q2864737,http://www.wikidata.org/entity/Q2864737
Q2891671,http://www.wikidata.org/entity/Q2891671
Q22025254,http://www.wikidata.org/entity/Q22025254
Q833590,http://www.wikidata.org/entity/Q833590
Q26707637,http://www.wikidata.org/entity/Q26707637
Q1207360,http://www.wikidata.org/entity/Q1207360
Q43013,http://www.wikidata.org/entity/Q43013
Q191067,http://www.wikidata.org/entity/Q191067
Q1050848,http://www.wikidata.org/entity/Q1050848
Q124761,http://www.wikidata.org/entity/Q124761
Q2646388,http://www.wikidata.org/entity/Q2646388
Q5790162,http://www.wikidata.org/entity/Q5790162
Q11825891,http://www.wikidata.org/entity/Q11825891
Q171201,http://www.wikidata.org/entity/Q171201
Q230768,http://www.wikidata.org/entity/Q230768
Q208145,http://www.wikidata.org/entity/Q208145
Q1423208,http://www.wikidata.org/entity/Q1423208
Q439072,http://www.wikidata.org/entity/Q439072
Q1669589,http://www.wikidata.org/entity/Q1669589
Q6949160,http://www.wikidata.org/entity/Q6949160
Q59908,http://www.wikidata.org/entity/Q59908
Q213121,http://www.wikidata.org/entity/Q213121
Q7561196,http://www.wikidata.org/entity/Q7561196
Q1063286,http://www.wikidata.org/entity/Q1063286
Q2059703,http://www.wikidata.org/entity/Q2059703
Q747381,http://www.wikidata.org/entity/Q747381
Q56239988,http://www.wikidata.org/entity/Q56239988
Q3482281,http://www.wikidata.org/entity/Q3482281
Q6452410,http://www.wikidata.org/entity/Q6452410
Q70600066,http://www.wikidata.org/entity/Q70600066
Q7267789,http://www.wikidata.org/entity/Q7267789
Q10752663,http://www.wikidata.org/entity/Q10752663
Q3002431,http://www.wikidata.org/entity/Q3002431
Q3401112,http://www.wikidata.org/entity/Q3401112
Q11483816,http://www.wikidata.org/entity/Q11483816
Q1401605,http://www.wikidata.org/entity/Q1401605
Q105809369,http://www.wikidata.org/entity/Q105809369
Q106095290,http://www.wikidata.org/entity/Q106095290
Q2106021,http://www.wikidata.org/entity/Q2106021
Q930383,http://www.wikidata.org/entity/Q930383
Q6000589,http://www.wikidata.org/entity/Q6000589
Q914229,http://www.wikidata.org/entity/Q914229
Q261636,http://www.wikidata.org/entity/Q261636
Q1383821,http://www.wikidata.org/entity/Q1383821
Q3401107,http://www.wikidata.org/entity/Q3401107
Q627603,http://www.wikidata.org/entity/Q627603
Q3928506,http://www.wikidata.org/entity/Q3928506
Q8380731,http://www.wikidata.org/entity/Q8380731
Q86730311,http://www.wikidata.org/entity/Q86730311
Q193104,http://www.wikidata.org/entity/Q193104
Q2910675,http://www.wikidata.org/entity/Q2910675
Q3536740,http://www.wikidata.org/entity/Q3536740
Q1057179,http://www.wikidata.org/entity/Q1057179
Q17370328,http://www.wikidata.org/entity/Q17370328
Q5447211,http://www.wikidata.org/entity/Q5447211
Q9378549,http://www.wikidata.org/entity/Q9378549
Q1126051,http://www.wikidata.org/entity/Q1126051
Q1684811,http://www.wikidata.org/entity/Q1684811
Q3032156,http://www.wikidata.org/entity/Q3032156
Q69349998,http://www.wikidata.org/entity/Q69349998
Q102932,http://www.wikidata.org/entity/Q102932
Q201788,http://www.wikidata.org/entity/Q201788
Q873000,http://www.wikidata.org/entity/Q873000
Q646754,http://www.wikidata.org/entity/Q646754
Q1338914,http://www.wikidata.org/entity/Q1338914
Q2000136,http://www.wikidata.org/entity/Q2000136
Q4202018,http://www.wikidata.org/entity/Q4202018
Q1257444,http://www.wikidata.org/entity/Q1257444
Q4230425,http://www.wikidata.org/entity/Q4230425
Q7308029,http://www.wikidata.org/entity/Q7308029
Q12818349,http://www.wikidata.org/entity/Q12818349
Q90709673,http://www.wikidata.org/entity/Q90709673
Q3527558,http://www.wikidata.org/entity/Q3527558
Q11399,http://www.wikidata.org/entity/Q11399
Q61744282,http://www.wikidata.org/entity/Q61744282
Q5263804,http://www.wikidata.org/entity/Q5263804
Q858157,http://www.wikidata.org/entity/Q858157
Q521983,http://www.wikidata.org/entity/Q521983
Q1132324,http://www.wikidata.org/entity/Q1132324
Q943929,http://www.wikidata.org/entity/Q943929
Q55594100,http://www.wikidata.org/entity/Q55594100
Q109045359,http://www.wikidata.org/entity/Q109045359
Q650175,http://www.wikidata.org/entity/Q650175
Q262533,http://www.wikidata.org/entity/Q262533
Q96706344,http://www.wikidata.org/entity/Q96706344
Q12075815,http://www.wikidata.org/entity/Q12075815
Q4816536,http://www.wikidata.org/entity/Q4816536
Q3561987,http://www.wikidata.org/entity/Q3561987
Q1047433,http://www.wikidata.org/entity/Q1047433
Q12114388,http://www.wikidata.org/entity/Q12114388
Q1551978,http://www.wikidata.org/entity/Q1551978
Q3290744,http://www.wikidata.org/entity/Q3290744
Q15141535,http://www.wikidata.org/entity/Q15141535
Q2137795,http://www.wikidata.org/entity/Q2137795
Q5528690,http://www.wikidata.org/entity/Q5528690
Q3602186,http://www.wikidata.org/entity/Q3602186
Q37853,http://www.wikidata.org/entity/Q37853
Q2278308,http://www.wikidata.org/entity/Q2278308
Q10283140,http://www.wikidata.org/entity/Q10283140
Q846742,http://www.wikidata.org/entity/Q846742
Q5814190,http://www.wikidata.org/entity/Q5814190
Q37038,http://www.wikidata.org/entity/Q37038
Q219239,http://www.wikidata.org/entity/Q219239
Q596594,http://www.wikidata.org/entity/Q596594
Q35277,http://www.wikidata.org/entity/Q35277
Q250233,http://www.wikidata.org/entity/Q250233
Q5977111,http://www.wikidata.org/entity/Q5977111
Q41298,http://www.wikidata.org/entity/Q41298
Q48324,http://www.wikidata.org/entity/Q48324
Q93288,http://www.wikidata.org/entity/Q93288
Q1683266,http://www.wikidata.org/entity/Q1683266
Q20852,http://www.wikidata.org/entity/Q20852
Q1059134,http://www.wikidata.org/entity/Q1059134
Q2558132,http://www.wikidata.org/entity/Q2558132
Q192624,http://www.wikidata.org/entity/Q192624
Q7578116,http://www.wikidata.org/entity/Q7578116
Q11356864,http://www.wikidata.org/entity/Q11356864
Q6732876,http://www.wikidata.org/entity/Q6732876
Q840400,http://www.wikidata.org/entity/Q840400
Q3196335,http://www.wikidata.org/entity/Q3196335
Q20225034,http://www.wikidata.org/entity/Q20225034
Q11282935,http://www.wikidata.org/entity/Q11282935
Q11446810,http://www.wikidata.org/entity/Q11446810
Q11748889,http://www.wikidata.org/entity/Q11748889
Q4384741,http://www.wikidata.org/entity/Q4384741
Q5001430,http://www.wikidata.org/entity/Q5001430
Q32059,http://www.wikidata.org/entity/Q32059
Q172980,http://www.wikidata.org/entity/Q172980
Q836950,http://www.wikidata.org/entity/Q836950
Q785479,http://www.wikidata.org/entity/Q785479
Q43290,http://www.wikidata.org/entity/Q43290
Q120200,http://www.wikidata.org/entity/Q120200
Q850950,http://www.wikidata.org/entity/Q850950
Q895087,http://www.wikidata.org/entity/Q895087
Q15283869,http://www.wikidata.org/entity/Q15283869
Q1236219,http://www.wikidata.org/entity/Q1236219
Q3305034,http://www.wikidata.org/entity/Q3305034
Q570948,http://www.wikidata.org/entity/Q570948
Q98149704,http://www.wikidata.org/entity/Q98149704
Q87167,http://www.wikidata.org/entity/Q87167
Q103076,http://www.wikidata.org/entity/Q103076
Q380313,http://www.wikidata.org/entity/Q380313
Q823571,http://www.wikidata.org/entity/Q823571
Q873506,http://www.wikidata.org/entity/Q873506
Q2910464,http://www.wikidata.org/entity/Q2910464
Q3691017,http://www.wikidata.org/entity/Q3691017
Q1711593,http://www.wikidata.org/entity/Q1711593
Q21598767,http://www.wikidata.org/entity/Q21598767
Q178659,http://www.wikidata.org/entity/Q178659
Q1310296,http://www.wikidata.org/entity/Q1310296
Q18336,http://www.wikidata.org/entity/Q18336
Q131138,http://www.wikidata.org/entity/Q131138
Q19389637,http://www.wikidata.org/entity/Q19389637
Q191163,http://www.wikidata.org/entity/Q191163
Q190539,http://www.wikidata.org/entity/Q190539
Q170201,http://www.wikidata.org/entity/Q170201
Q28146577,http://www.wikidata.org/entity/Q28146577
Q201571,http://www.wikidata.org/entity/Q201571
Q43266,http://www.wikidata.org/entity/Q43266
Q15806966,http://www.wikidata.org/entity/Q15806966
Q17134316,http://www.wikidata.org/entity/Q17134316
Q11835431,http://www.wikidata.org/entity/Q11835431
Q743934,http://www.wikidata.org/entity/Q743934
Q3303205,http://www.wikidata.org/entity/Q3303205
Q838795,http://www.wikidata.org/entity/Q838795
Q224700,http://www.wikidata.org/entity/Q224700
Q1663071,http://www.wikidata.org/entity/Q1663071
Q26271743,http://www.wikidata.org/entity/Q26271743
Q134435,http://www.wikidata.org/entity/Q134435
Q1224346,http://www.wikidata.org/entity/Q1224346
Q697279,http://www.wikidata.org/entity/Q697279
Q217191,http://www.wikidata.org/entity/Q217191
Q1266946,http://www.wikidata.org/entity/Q1266946
Q2920921,http://www.wikidata.org/entity/Q2920921
Q1440453,http://www.wikidata.org/entity/Q1440453
Q161414,http://www.wikidata.org/entity/Q161414
Q2699662,http://www.wikidata.org/entity/Q2699662
Q3771738,http://www.wikidata.org/entity/Q3771738
Q5123555,http://www.wikidata.org/entity/Q5123555
Q5035283,http://www.wikidata.org/entity/Q5035283
Q23407,http://www.wikidata.org/entity/Q23407
Q7787,http://www.wikidata.org/entity/Q7787
Q47054,http://www.wikidata.org/entity/Q47054
Q147638,http://www.wikidata.org/entity/Q147638
Q2043282,http://www.wikidata.org/entity/Q2043282
Q1745141,http://www.wikidata.org/entity/Q1745141
Q46952,http://www.wikidata.org/entity/Q46952
Q1194583,http://www.wikidata.org/entity/Q1194583
Q179310,http://www.wikidata.org/entity/Q179310
Q859161,http://www.wikidata.org/entity/Q859161
Q12075100,http://www.wikidata.org/entity/Q12075100
Q7361853,http://www.wikidata.org/entity/Q7361853
Q969663,http://www.wikidata.org/entity/Q969663
Q16854678,http://www.wikidata.org/entity/Q16854678
Q11032,http://www.wikidata.org/entity/Q11032
Q3681519,http://www.wikidata.org/entity/Q3681519
Q42515,http://www.wikidata.org/entity/Q42515
Q1580216,http://www.wikidata.org/entity/Q1580216
Q1187167,http://www.wikidata.org/entity/Q1187167
Q1358138,http://www.wikidata.org/entity/Q1358138
Q3906966,http://www.wikidata.org/entity/Q3906966
Q914223,http://www.wikidata.org/entity/Q914223
Q1841,http://www.wikidata.org/entity/Q1841
Q4164344,http://www.wikidata.org/entity/Q4164344
Q11637956,http://www.wikidata.org/entity/Q11637956
Q50641,http://www.wikidata.org/entity/Q50641
Q47844,http://www.wikidata.org/entity/Q47844
Q19879550,http://www.wikidata.org/entity/Q19879550
Q28136925,http://www.wikidata.org/entity/Q28136925
Q685935,http://www.wikidata.org/entity/Q685935
Q114375,http://www.wikidata.org/entity/Q114375
Q732577,http://www.wikidata.org/entity/Q732577
Q820655,http://www.wikidata.org/entity/Q820655
Q6805623,http://www.wikidata.org/entity/Q6805623
Q849697,http://www.wikidata.org/entity/Q849697
Q1783585,http://www.wikidata.org/entity/Q1783585
Q3355475,http://www.wikidata.org/entity/Q3355475
Q25384059,http://www.wikidata.org/entity/Q25384059
Q27670585,http://www.wikidata.org/entity/Q27670585
Q2762504,http://www.wikidata.org/entity/Q2762504
Q23498,http://www.wikidata.org/entity/Q23498
Q1361756,http://www.wikidata.org/entity/Q1361756
Q1056580,http://www.wikidata.org/entity/Q1056580
Q47728,http://www.wikidata.org/entity/Q47728
Q766459,http://www.wikidata.org/entity/Q766459
Q420,http://www.wikidata.org/entity/Q420
Q19068088,http://www.wikidata.org/entity/Q19068088
Q4903301,http://www.wikidata.org/entity/Q4903301
Q5307979,http://www.wikidata.org/entity/Q5307979
Q5378446,http://www.wikidata.org/entity/Q5378446
Q51415,http://www.wikidata.org/entity/Q51415
Q5366020,http://www.wikidata.org/entity/Q5366020
Q1115171,http://www.wikidata.org/entity/Q1115171
Q105711732,http://www.wikidata.org/entity/Q105711732
Q11882872,http://www.wikidata.org/entity/Q11882872
Q14739201,http://www.wikidata.org/entity/Q14739201
Q11042,http://www.wikidata.org/entity/Q11042
Q2352616,http://www.wikidata.org/entity/Q2352616
Q208165,http://www.wikidata.org/entity/Q208165
Q264892,http://www.wikidata.org/entity/Q264892
Q23009890,http://www.wikidata.org/entity/Q23009890
Q34362,http://www.wikidata.org/entity/Q34362
Q131505,http://www.wikidata.org/entity/Q131505
Q406905,http://www.wikidata.org/entity/Q406905
Q24937946,http://www.wikidata.org/entity/Q24937946
Q37346394,http://www.wikidata.org/entity/Q37346394
Q8180985,http://www.wikidata.org/entity/Q8180985
Q4204638,http://www.wikidata.org/entity/Q4204638
Q25338354,http://www.wikidata.org/entity/Q25338354
Q3474605,http://www.wikidata.org/entity/Q3474605
Q8276,http://www.wikidata.org/entity/Q8276
Q9089,http://www.wikidata.org/entity/Q9089
Q46802,http://www.wikidata.org/entity/Q46802
Q2831984,http://www.wikidata.org/entity/Q2831984
Q15759394,http://www.wikidata.org/entity/Q15759394
Q740253,http://www.wikidata.org/entity/Q740253
Q19862406,http://www.wikidata.org/entity/Q19862406
Q7433714,http://www.wikidata.org/entity/Q7433714
Q11419619,http://www.wikidata.org/entity/Q11419619
Q1160621,http://www.wikidata.org/entity/Q1160621
Q2078962,http://www.wikidata.org/entity/Q2078962
Q44092605,http://www.wikidata.org/entity/Q44092605
Q5954513,http://www.wikidata.org/entity/Q5954513
Q18813,http://www.wikidata.org/entity/Q18813
Q82440,http://www.wikidata.org/entity/Q82440
Q1780486,http://www.wikidata.org/entity/Q1780486
Q288909,http://www.wikidata.org/entity/Q288909
Q2668072,http://www.wikidata.org/entity/Q2668072
Q11330569,http://www.wikidata.org/entity/Q11330569
Q3697780,http://www.wikidata.org/entity/Q3697780
Q1053972,http://www.wikidata.org/entity/Q1053972
Q2882220,http://www.wikidata.org/entity/Q2882220
Q63959402,http://www.wikidata.org/entity/Q63959402
Q1429277,http://www.wikidata.org/entity/Q1429277
Q2144077,http://www.wikidata.org/entity/Q2144077
Q19723470,http://www.wikidata.org/entity/Q19723470
Q867335,http://www.wikidata.org/entity/Q867335
Q172067,http://www.wikidata.org/entity/Q172067
Q18805,http://www.wikidata.org/entity/Q18805
Q111980524,http://www.wikidata.org/entity/Q111980524
Q1200678,http://www.wikidata.org/entity/Q1200678
Q2484376,http://www.wikidata.org/entity/Q2484376
Q5246046,http://www.wikidata.org/entity/Q5246046
Q1197756,http://www.wikidata.org/entity/Q1197756
Q17085167,http://www.wikidata.org/entity/Q17085167
Q3655668,http://www.wikidata.org/entity/Q3655668
Q6661985,http://www.wikidata.org/entity/Q6661985
Q109588548,http://www.wikidata.org/entity/Q109588548
Q3990885,http://www.wikidata.org/entity/Q3990885
Q7440012,http://www.wikidata.org/entity/Q7440012
Q775344,http://www.wikidata.org/entity/Q775344
Q2439025,http://www.wikidata.org/entity/Q2439025
Q18340165,http://www.wikidata.org/entity/Q18340165
Q109581585,http://www.wikidata.org/entity/Q109581585
Q1748756,http://www.wikidata.org/entity/Q1748756
Q55610842,http://www.wikidata.org/entity/Q55610842
Q9352089,http://www.wikidata.org/entity/Q9352089
Q1196258,http://www.wikidata.org/entity/Q1196258
Q6751515,http://www.wikidata.org/entity/Q6751515
Q10513545,http://www.wikidata.org/entity/Q10513545
Q19357149,http://www.wikidata.org/entity/Q19357149
Q70686944,http://www.wikidata.org/entity/Q70686944
Q39811647,http://www.wikidata.org/entity/Q39811647
Q6889067,http://www.wikidata.org/entity/Q6889067
Q5290180,http://www.wikidata.org/entity/Q5290180
Q631621,http://www.wikidata.org/entity/Q631621
Q43455,http://www.wikidata.org/entity/Q43455
Q7858719,http://www.wikidata.org/entity/Q7858719
Q1469684,http://www.wikidata.org/entity/Q1469684
Q781402,http://www.wikidata.org/entity/Q781402
Q822309,http://www.wikidata.org/entity/Q822309
Q4400636,http://www.wikidata.org/entity/Q4400636
Q3341285,http://www.wikidata.org/entity/Q3341285
Q1068473,http://www.wikidata.org/entity/Q1068473
Q18814623,http://www.wikidata.org/entity/Q18814623
Q12132,http://www.wikidata.org/entity/Q12132
Q901,http://www.wikidata.org/entity/Q901
Q7922,http://www.wikidata.org/entity/Q7922
Q34770,http://www.wikidata.org/entity/Q34770
Q7141,http://www.wikidata.org/entity/Q7141
Q7150,http://www.wikidata.org/entity/Q7150
Q7958,http://www.wikidata.org/entity/Q7958
Q11661,http://www.wikidata.org/entity/Q11661
Q189210,http://www.wikidata.org/entity/Q189210
Q170978,http://www.wikidata.org/entity/Q170978
Q591041,http://www.wikidata.org/entity/Q591041
Q350453,http://www.wikidata.org/entity/Q350453
Q352842,http://www.wikidata.org/entity/Q352842
Q384593,http://www.wikidata.org/entity/Q384593
Q1235156,http://www.wikidata.org/entity/Q1235156
Q21004260,http://www.wikidata.org/entity/Q21004260
Q70863928,http://www.wikidata.org/entity/Q70863928
Q7096020,http://www.wikidata.org/entity/Q7096020
Q179807,http://www.wikidata.org/entity/Q179807
Q46456,http://www.wikidata.org/entity/Q46456
Q87544043,http://www.wikidata.org/entity/Q87544043
Q16933953,http://www.wikidata.org/entity/Q16933953
Q1326821,http://www.wikidata.org/entity/Q1326821
Q12100,http://www.wikidata.org/entity/Q12100
Q59157,http://www.wikidata.org/entity/Q59157
Q933348,http://www.wikidata.org/entity/Q933348
Q1143604,http://www.wikidata.org/entity/Q1143604
Q17518557,http://www.wikidata.org/entity/Q17518557
Q21168866,http://www.wikidata.org/entity/Q21168866
Q193544,http://www.wikidata.org/entity/Q193544
Q184524,http://www.wikidata.org/entity/Q184524
Q64152635,http://www.wikidata.org/entity/Q64152635
Q3140617,http://www.wikidata.org/entity/Q3140617
Q198614,http://www.wikidata.org/entity/Q198614
Q17013749,http://www.wikidata.org/entity/Q17013749
Q64729951,http://www.wikidata.org/entity/Q64729951
Q644302,http://www.wikidata.org/entity/Q644302
Q4821013,http://www.wikidata.org/entity/Q4821013
Q12736955,http://www.wikidata.org/entity/Q12736955
Q203209,http://www.wikidata.org/entity/Q203209
Q186030,http://www.wikidata.org/entity/Q186030
Q670787,http://www.wikidata.org/entity/Q670787
Q2369994,http://www.wikidata.org/entity/Q2369994
Q43200,http://www.wikidata.org/entity/Q43200
Q10300473,http://www.wikidata.org/entity/Q10300473
Q5977147,http://www.wikidata.org/entity/Q5977147
Q380274,http://www.wikidata.org/entity/Q380274
Q63584111,http://www.wikidata.org/entity/Q63584111
Q63584350,http://www.wikidata.org/entity/Q63584350
Q431193,http://www.wikidata.org/entity/Q431193
Q18461548,http://www.wikidata.org/entity/Q18461548
Q24907097,http://www.wikidata.org/entity/Q24907097
Q1062404,http://www.wikidata.org/entity/Q1062404
Q1296017,http://www.wikidata.org/entity/Q1296017
Q1385450,http://www.wikidata.org/entity/Q1385450
Q788790,http://www.wikidata.org/entity/Q788790
Q7187715,http://www.wikidata.org/entity/Q7187715
Q210272,http://www.wikidata.org/entity/Q210272
Q11072974,http://www.wikidata.org/entity/Q11072974
Q3940776,http://www.wikidata.org/entity/Q3940776
Q542475,http://www.wikidata.org/entity/Q542475
Q631931,http://www.wikidata.org/entity/Q631931
Q59931466,http://www.wikidata.org/entity/Q59931466
Q258331,http://www.wikidata.org/entity/Q258331
Q187760,http://www.wikidata.org/entity/Q187760
Q827775,http://www.wikidata.org/entity/Q827775
Q598929,http://www.wikidata.org/entity/Q598929
Q56304068,http://www.wikidata.org/entity/Q56304068
Q71257062,http://www.wikidata.org/entity/Q71257062
Q3958013,http://www.wikidata.org/entity/Q3958013
Q82748703,http://www.wikidata.org/entity/Q82748703
Q112148984,http://www.wikidata.org/entity/Q112148984
Q762917,http://www.wikidata.org/entity/Q762917
Q11362827,http://www.wikidata.org/entity/Q11362827
Q336468,http://www.wikidata.org/entity/Q336468
Q4698361,http://www.wikidata.org/entity/Q4698361
Q1277575,http://www.wikidata.org/entity/Q1277575
Q1615950,http://www.wikidata.org/entity/Q1615950
Q17108519,http://www.wikidata.org/entity/Q17108519
Q1253496,http://www.wikidata.org/entity/Q1253496
Q309481,http://www.wikidata.org/entity/Q309481
Q943192,http://www.wikidata.org/entity/Q943192
Q368949,http://www.wikidata.org/entity/Q368949
Q69699844,http://www.wikidata.org/entity/Q69699844
Q3257217,http://www.wikidata.org/entity/Q3257217
Q3689380,http://www.wikidata.org/entity/Q3689380
Q105580963,http://www.wikidata.org/entity/Q105580963
Q1318295,http://www.wikidata.org/entity/Q1318295
Q104543384,http://www.wikidata.org/entity/Q104543384
Q105450799,http://www.wikidata.org/entity/Q105450799
Q37073,http://www.wikidata.org/entity/Q37073
Q345367,http://www.wikidata.org/entity/Q345367
Q1753972,http://www.wikidata.org/entity/Q1753972
Q11360573,http://www.wikidata.org/entity/Q11360573
Q107432485,http://www.wikidata.org/entity/Q107432485
Q7675233,http://www.wikidata.org/entity/Q7675233
Q1236108,http://www.wikidata.org/entity/Q1236108
Q20664427,http://www.wikidata.org/entity/Q20664427
Q10590700,http://www.wikidata.org/entity/Q10590700
Q2038843,http://www.wikidata.org/entity/Q2038843
Q3976471,http://www.wikidata.org/entity/Q3976471
Q29405157,http://www.wikidata.org/entity/Q29405157
Q101247267,http://www.wikidata.org/entity/Q101247267
Q106645589,http://www.wikidata.org/entity/Q106645589
Q106559863,http://www.wikidata.org/entity/Q106559863
Q3264652,http://www.wikidata.org/entity/Q3264652
Q3655716,http://www.wikidata.org/entity/Q3655716
Q43343,http://www.wikidata.org/entity/Q43343
Q5165968,http://www.wikidata.org/entity/Q5165968
Q7005086,http://www.wikidata.org/entity/Q7005086
Q11438796,http://www.wikidata.org/entity/Q11438796
Q2517440,http://www.wikidata.org/entity/Q2517440
Q2624969,http://www.wikidata.org/entity/Q2624969
Q1936640,http://www.wikidata.org/entity/Q1936640
Q110275973,http://www.wikidata.org/entity/Q110275973
Q5153657,http://www.wikidata.org/entity/Q5153657
Q100740737,http://www.wikidata.org/entity/Q100740737
Q6625963,http://www.wikidata.org/entity/Q6625963
Q11826511,http://www.wikidata.org/entity/Q11826511
Q774862,http://www.wikidata.org/entity/Q774862
Q1583807,http://www.wikidata.org/entity/Q1583807
Q13220650,http://www.wikidata.org/entity/Q13220650
Q26913057,http://www.wikidata.org/entity/Q26913057
Q1743287,http://www.wikidata.org/entity/Q1743287
Q1788980,http://www.wikidata.org/entity/Q1788980
Q2518231,http://www.wikidata.org/entity/Q2518231
Q3491641,http://www.wikidata.org/entity/Q3491641
Q4673762,http://www.wikidata.org/entity/Q4673762
Q8274,http://www.wikidata.org/entity/Q8274
Q932420,http://www.wikidata.org/entity/Q932420
Q65936993,http://www.wikidata.org/entity/Q65936993
Q7283,http://www.wikidata.org/entity/Q7283
Q173167,http://www.wikidata.org/entity/Q173167
Q2552040,http://www.wikidata.org/entity/Q2552040
Q1430953,http://www.wikidata.org/entity/Q1430953
Q55713039,http://www.wikidata.org/entity/Q55713039
Q856713,http://www.wikidata.org/entity/Q856713
Q59342621,http://www.wikidata.org/entity/Q59342621
Q26913060,http://www.wikidata.org/entity/Q26913060
Q101247269,http://www.wikidata.org/entity/Q101247269
Q105707367,http://www.wikidata.org/entity/Q105707367
Q12879597,http://www.wikidata.org/entity/Q12879597
Q748858,http://www.wikidata.org/entity/Q748858
Q1390924,http://www.wikidata.org/entity/Q1390924
Q3409594,http://www.wikidata.org/entity/Q3409594
Q508069,http://www.wikidata.org/entity/Q508069
Q3924977,http://www.wikidata.org/entity/Q3924977
Q106379681,http://www.wikidata.org/entity/Q106379681
Q186117,http://www.wikidata.org/entity/Q186117
Q1258817,http://www.wikidata.org/entity/Q1258817
Q265158,http://www.wikidata.org/entity/Q265158
Q546440,http://www.wikidata.org/entity/Q546440
Q4932206,http://www.wikidata.org/entity/Q4932206
Q17172801,http://www.wikidata.org/entity/Q17172801
Q72206346,http://www.wikidata.org/entity/Q72206346
Q104536908,http://www.wikidata.org/entity/Q104536908
Q104537024,http://www.wikidata.org/entity/Q104537024
Q174268,http://www.wikidata.org/entity/Q174268
Q1541578,http://www.wikidata.org/entity/Q1541578
Q47513101,http://www.wikidata.org/entity/Q47513101
Q8253972,http://www.wikidata.org/entity/Q8253972
Q482752,http://www.wikidata.org/entity/Q482752
Q17884,http://www.wikidata.org/entity/Q17884
Q945507,http://www.wikidata.org/entity/Q945507
Q2561438,http://www.wikidata.org/entity/Q2561438
Q226887,http://www.wikidata.org/entity/Q226887
Q24885274,http://www.wikidata.org/entity/Q24885274
Q3897519,http://www.wikidata.org/entity/Q3897519
Q1352815,http://www.wikidata.org/entity/Q1352815
Q108940393,http://www.wikidata.org/entity/Q108940393
Q5290202,http://www.wikidata.org/entity/Q5290202
Q86661793,http://www.wikidata.org/entity/Q86661793
Q179875,http://www.wikidata.org/entity/Q179875
Q106581242,http://www.wikidata.org/entity/Q106581242
Q1360742,http://www.wikidata.org/entity/Q1360742
Q637866,http://www.wikidata.org/entity/Q637866
Q7697093,http://www.wikidata.org/entity/Q7697093
Q1062374,http://www.wikidata.org/entity/Q1062374
Q373342,http://www.wikidata.org/entity/Q373342
Q16517475,http://www.wikidata.org/entity/Q16517475
Q65066631,http://www.wikidata.org/entity/Q65066631
Q2267856,http://www.wikidata.org/entity/Q2267856
Q2705414,http://www.wikidata.org/entity/Q2705414
Q2882233,http://www.wikidata.org/entity/Q2882233
Q16947017,http://www.wikidata.org/entity/Q16947017
Q61745175,http://www.wikidata.org/entity/Q61745175
Q3778115,http://www.wikidata.org/entity/Q3778115
Q4894405,http://www.wikidata.org/entity/Q4894405
Q116502512,http://www.wikidata.org/entity/Q116502512
Q116658403,http://www.wikidata.org/entity/Q116658403
Q116753378,http://www.wikidata.org/entity/Q116753378
Q1053849,http://www.wikidata.org/entity/Q1053849
Q1417272,http://www.wikidata.org/entity/Q1417272
Q2891357,http://www.wikidata.org/entity/Q2891357
Q43334491,http://www.wikidata.org/entity/Q43334491
Q118141790,http://www.wikidata.org/entity/Q118141790
Q110594226,http://www.wikidata.org/entity/Q110594226
Q251868,http://www.wikidata.org/entity/Q251868
Q110292677,http://www.wikidata.org/entity/Q110292677
Q1404878,http://www.wikidata.org/entity/Q1404878
Q11989328,http://www.wikidata.org/entity/Q11989328
Q538175,http://www.wikidata.org/entity/Q538175
Q20819599,http://www.wikidata.org/entity/Q20819599
Q2040849,http://www.wikidata.org/entity/Q2040849
Q8031151,http://www.wikidata.org/entity/Q8031151
Q16234098,http://www.wikidata.org/entity/Q16234098
Q20664817,http://www.wikidata.org/entity/Q20664817
Q117007779,http://www.wikidata.org/entity/Q117007779
Q10489204,http://www.wikidata.org/entity/Q10489204
Q3098275,http://www.wikidata.org/entity/Q3098275
Q52162481,http://www.wikidata.org/entity/Q52162481
Q81178297,http://www.wikidata.org/entity/Q81178297
Q923851,http://www.wikidata.org/entity/Q923851
Q202208,http://www.wikidata.org/entity/Q202208
Q1253084,http://www.wikidata.org/entity/Q1253084
Q26929442,http://www.wikidata.org/entity/Q26929442
Q4006,http://www.wikidata.org/entity/Q4006
Q27716,http://www.wikidata.org/entity/Q27716
Q557141,http://www.wikidata.org/entity/Q557141
Q1003292,http://www.wikidata.org/entity/Q1003292
Q1817983,http://www.wikidata.org/entity/Q1817983
Q116796301,http://www.wikidata.org/entity/Q116796301
