s,name
100877359h,Müritz Hotel
1011881h,Burg Großfurra
1015042h,Burghaus Burgsahr
10332618h,Mosteiro de Flor da Rosa
103331335h,"32 Bond Street, Ross"
10343928h,Palácio Belmonte
10344021h,Palácio de Estói
10352192h,Convento das Chagas (Vila Viçosa)
10352195h,Convento dos Lóios
10352198h,Pousada de Condeixa-a-Nova
10352202h,Capela e Hospital da Santa Casa da Misericórdia de Ourém
10352206h,Pousada de Viseu
10352207h,Antigo Convento do Desagravo do Santíssimo Sacramento
10352211h,Convento de Nossa Senhora da Boa Esperança
10352218h,Solar da Rede
10352219h,Convento dos Lóios
104083353h,Commercial Hotel
104234251h,British Hotel
104830558h,Welsbach Building
1049027h,Jumeirah Emirates Towers Hotel
1049209h,The Venetian
1051604h,Four Queens
10524043h,Hilton Nairobi
10524047h,Hilton Stockholm Slussen
10526554h,Hotel Knaust
10526572h,Hotel Billingen
105554563h,Heliopolis Towers Hotel
105621651h,Oubangui Hotel
106090892h,"Overtoom 33, Amsterdam"
106192327h,Can Ferrandell
1063195h,Torre de Madrid
106393048h,Hampton by Hilton Bursa
1064873h,Excalibur Hotel and Casino
106996884h,Na můstku 10
107121457h,Brinker Collegiate Institute
107168152h,Manor House Hotel
107607598h,Hotel Dudley
108294146h,"Flour Mill at 129 Port avenue, Valencia"
108309815h,Can Cera
108516880h,Villa Balbi
108729880h,Kasteel Solhof
108865646h,Lamar Hotel
108865673h,Union Hotel
1092961h,Circus Circus Las Vegas
109451447h,Panquinkazerne
1096141h,Act Tower
110010967h,"SAii Lagoon Maldives, Curio Collection by Hilton"
110041692h,Central téléphonique Ségur
110147122h,Hilton Garden Inn London Heathrow Terminals 2 and 3
110251555h,Ostrovní 15
110407965h,Tours Odyssey
110660109h,Silk Road Hotel (Yazd)
110660372h,Dalan-e Behesht Hotel
110664670h,Khesht Abad Hotel
1106716h,"Kempinski Hotel Corvinus, Budapest"
110681137h,Zoerselhof
110735133h,Can Balaguer
1107391h,Sands Hotel and Casino
110831132h,Casa Gabino Bobo
111041461h,DoubleTree by Hilton Hannover Schweizerhof
111243216h,Hilton Singapore Orchard
111445383h,Chestnut Residence and Conference Centre
1116194h,The Leland Hotel
112111547h,Lepopirtti
112147576h,Torenhuis
112168936h,De Gouden Leeuw
1127749h,Hotel Kämp
113051152h,Putnam House
113163876h,St. James Hotel
113164074h,Windsor Hotel
113164146h,Palmetto House
113164237h,Clarendon Hotel
113171856h,Union House
11330330h,Hilton Nagoya
11330332h,Hilton Odawara Resort & Spa
11330335h,Hilton Tokyo Bay
113564549h,Hôtel La Pérouse
1136654h,The D Las Vegas
1136841h,Fremont Hotel and Casino
11415297h,JR Gate Tower
114289194h,Grand Hôtel G. Scheers
1143174h,Ritz-Carlton Toronto
1147483h,Sahara Las Vegas
115282741h,Nedermolen
116215655h,Hotel Antonio Perez
11700542h,Prince George Hotel
1189944h,Hotel Porta Fira
1200583h,Desert Inn
12020416h,Hotel Paříž
12072758h,Westin Book Cadillac Hotel
1237113h,Convento de Santa Maria do Bouro
12495h,Burj Khalifa
1281171h,Trump Hotel Las Vegas
1304383h,Waldorf Astoria Las Vegas
13049756h,Canfranc-Estación
1309059h,Wynn Las Vegas
13103085h,Hôtel de Paris
1324543h,El Rancho Hotel & Motel
1340132h,Encore
1340365h,Westgate Las Vegas Resort & Casino
1342565h,Planet Hollywood Resort & Casino
1347033h,Dunes
13529145h,"The Biltmore Mayfair, LXR Hotels & Resorts"
13529180h,Hilton London Hyde Park
1360313h,Treasure Island Hotel and Casino
1368043h,Mandalay Bay
1368798h,SEG Plaza
1401439h,Schüttkasten Geras
1412478h,"The Waldorf Hilton, London"
1426968h,Flamingo Las Vegas
1429071h,New York-New York Hotel and Casino
1430318h,Rossiya Hotel
1436845h,Cosmopolitan of Las Vegas
145361h,Gezirah Palace
1457875h,Villa Crespi
14683065h,"333 Battery Street, San Francisco,"
14689609h,Jackson Hotel
14693298h,Magnolia Hotel
14705265h,Resorts World Las Vegas
14753688h,"Casa Alberola Alicante, Curio Collection by Hilton"
1481002h,The Ritz London
14954702h,107 Piccadilly
1504641h,Kaufhaus Jonaß
15068974h,Zein-o-Din Caravanserai
1514587h,The Palazzo
15228738h,InterContinental Budapest
1535018h,Golden Nugget Las Vegas Hotel & Casino
1535845h,Riviera Hotel and Casino
1541365h,Renaissance Center
15640601h,Palacio del Marqués de Velada
1580067h,Harrah's Las Vegas
1585008h,Hard Rock Hotel and Casino
15909474h,Hengshan Picardie Hotel
15923583h,Conrad Hong Kong
15978898h,Berry Head House
16256099h,The Caledonian
1630814h,Hotel Weiss Kreuz
1630833h,"Hotel Berlin, Berlin"
1630837h,Hotel Bodenhaus
1630911h,Hilton Warsaw City
16318627h,Abeno Harukas
1637090h,"South Point Hotel, Casino & Spa"
16528268h,Aquarium et Musée de la Mer de Dinard
16621592h,Villa Torretta
167870h,Boardwalk Hotel and Casino
1682221h,Dagebüll lighthouse
16833188h,Lloyd-Bahnhof
16843761h,Hilton Diagonal Mar Barcelona
168575h,CTF Finance Centre
16890775h,Crown Sydney
16949846h,B&O Railroad Headquarters Building
16995460h,Wyndham Springfield City Centre
17043498h,Viciebsk
17183802h,"Castle Hotel, Ruthin"
17226268h,Hilton Tokyo
17229982h,Hilton Fukuoka Sea Hawk
17390148h,Citadel of Cascais
1743514h,Kirkland Hotel
17444603h,Hilton Frankfurt Airport
17444624h,Hilton Garden Inn Frankfurt Airport
17444904h,DoubleTree by Hilton Hotel London - Docklands Riverside
17512898h,Arlington Hotel
17532427h,Stanley House
17533843h,Polebarn House
17534979h,5 and 7 High Street and Falcon Hotel Annexe
17544934h,Barton Seagrave Hall
17549646h,"2, 3 and 4, Regency Square"
17554574h,Fritton Old Hall
17557267h,11 Market End
17619057h,Agronomitalo
17793480h,Hilton Edinburgh Carlton
17834531h,1 Tower Knowe
17834546h,"Hawick, 1 Tower Dykeside"
17834566h,"Hawick, 3, 4 Tower Dykeside"
17835167h,2 Tower Dykeside
1795050h,Palace Station
18008489h,Torre del Remei
18112026h,DoubleTree by Hilton Hotel London - Chelsea
18286846h,Waldorf Astoria Amsterdam
18340195h,Hybernská 12
18509174h,Fayrouz Ressort
18509281h,Hilton Hurghada Resort
18534517h,Hilton London Syon Park
18536h,The Shard
18547h,Shanghai Tower
18712428h,Makkah Clock Royal Tower Hotel
1874734h,Hotel International Prague
18760038h,Munkkiniemi education center
1879918h,Löwenburger Hof
18813051h,Hilton Rotterdam
189476h,Abraj Al Bait
19307691h,Hilton Garden Inn London Heathrow Airport
19348190h,"25, place Dauphine"
19362430h,Gasthof Krone
1943482h,Hilton Molino Stucky Venice
19513101h,Hilton Manchester Deansgate
19564041h,Hedemora stadshotell
19817552h,Delta Toronto Hotel
19864040h,Ambassador Hotel
19962146h,CloudNo7
20046383h,Hilton Bonn
20075891h,Hilton Kyiv
202599h,Stardust Resort and Casino
2048307h,Palms Casino Resort
20650664h,La Clef Louvre
20828319h,Villa Santana
20830632h,Bluebeard's Castle
2110681h,Prinzenpalais
2135814h,Hilton Amsterdam
21402642h,18 Gramercy Park
2141411h,Hilton Bandung
21504226h,Hilton Birmingham Metropole
21532003h,Radisson Blu Hotel in Bamako
21568919h,Tabacos de Filipinas building
21619228h,Sheraton Guiyang Hotel
220141h,Waldorf Astoria Berlin
22073967h,Hilton Bournemouth
22118627h,Global Gate
22583354h,Nový Pachtovský palác
2258969h,Eureka Inn
2297323h,Delano Las Vegas
22976715h,Hilton Dubai The Walk
22997753h,Bay Mills Resort & Casino
23265h,Hôtel des 3 Collèges
23305592h,"Kewadin Casino, Hotel and Convention Center"
2363048h,Place Viger
23640921h,Bowen River Hotel
23646439h,"100 Queen's Gate Hotel London, Curio Collection by Hilton"
23685988h,DoubleTree by Hilton Hotel Bristol North
23828028h,Edificio Gran Vía 4
23907594h,CAAC Tower
23907601h,The London NYC
2398831h,Teatro Eden
24054070h,Hilton Cambridge City Centre
240711h,Hotel Chelsea
2416198h,MGM Grand Detroit
24241038h,Cambridge Hotel
2461831h,Las Vegas Plaza
24693404h,Bangor House
24708167h,"Dominican monastery in Malá Strana, Prague"
24971211h,El Reno Hotel
25007h,Bellagio Hotel & Casino
25204442h,Hilton Zurich Airport
2523683h,Château d'Artigny
25247913h,Commercial Hotel
2567200h,The Whittier
2579998h,Castle of Óbidos
26237391h,Conrad Tokyo
26242212h,Hilton Garden Inn Sunderland
26306764h,The Mytton and Mermaid Hotel
2631856h,520 West 41st Street
26398842h,The Old Hall Hotel
264203h,Vegas World
26463120h,13 Market End
2648096h,W San Francisco
26483035h,"14 and 15, Warwick Road"
264858h,M Resort
26537718h,Dove Nest
26546731h,Mosborough Hall
26609450h,Crosby Lodge
26617946h,Kenwith Castle
26684094h,"12 and 13, Warwick Road"
26685058h,15 Market End
26700322h,Hotel Omni Mont-Royal
26707727h,Hotel Santo Mauro
26723836h,De Gamlas Hem
26734729h,Conrad Istanbul Bosphorus
26878946h,Hilton Sukhumvit Bangkok
26902701h,Hilton Helsinki Kalastajatorppa
26960663h,Hampton by Hilton Bournemouth
27033712h,"The Morrison Dublin, Curio Collection by Hilton"
27456363h,DoubleTree by Hilton Gurugram Baani Square
2748565h,Claridge's
27825013h,Hilton Frankfurt City Centre
27826630h,DoubleTree by Hilton Hotel Cairns
278380h,The Drew Las Vegas
27962079h,Ausonia Palace Hotel
27981667h,Hilton Garden Inn Dubai Mall of the Emirates
280339h,Tropicana Las Vegas
28053246h,Hilton Auckland
280910h,Vdara
28184307h,Royal Mail Hotel
28184310h,Noccundra Hotel
28192892h,Waldorf Astoria Beijing
28214174h,Hampton by Hilton Newcastle
2837946h,Allerton Hotel
28456180h,Makkah Millennium Hotel
28609672h,DoubleTree by Hilton Hotel Coventry
28662736h,"Gran Vía 22, Madrid"
28675210h,Castle mill in Toruń
28675745h,15/17 Mostowa Street in Toruń
28680070h,Sanatório das Penhas da Saúde
28746397h,Hotel NH Paseo del Prado
28755991h,Hotel Catalonia Atocha
28756542h,Palacio Oriol
28756862h,Hotel Catalonia Gran Vía
28757120h,Gran Vía 18
28757959h,Hotel Senator Gran Vía
28757977h,Hotel Tryp Cibeles
28769024h,Hotel Gran Vía
28777988h,DoubleTree by Hilton Hotel Aberdeen Treetops
28789756h,Hilton Garden Inn Tanger City Center
28844857h,El Palace Hotel Barcelona
2899830h,Hilton The Hague
29000794h,DoubleTree by Hilton Hotel Darwin
29007102h,Papelera Española building
2902501h,Palatin Hotel Tel Aviv
29053655h,Hilton Paris Charles de Gaulle Airport
29053691h,Hilton Coylumbridge
2905596h,The Blackstone Hotel
2908788h,Leonardo City Tower Hotel
2912992h,The Harmon
2928530h,Cadillac Hotel
2935180h,Camlin Hotel
29415039h,Hotel Alay
2961297h,Chartreuse du Reposoir
2971063h,Taagepera Castle
29909111h,Hotel Alfonso X El Sabio
2992084h,Hilton Paris Opera
29948012h,DoubleTree by Hilton Hotel Edinburgh Airport
29981099h,Conrad Bali
30014678h,DoubleTree by Hilton Hotel Istanbul - Old Town
30021076h,Hilton Cologne
30021879h,DoubleTree by Hilton London Heathrow Airport
30035305h,Hilton Saint Petersburg ExpoForum
30047899h,Hilton Garden Inn Stuttgart NeckarPark
30090585h,Conrad Makkah
30097763h,"The Westminster London, Curio Collection by Hilton"
30097821h,Conrad Beijing
30139243h,Hilton Prague Old Town
30140581h,DoubleTree by Hilton Hotel Oradea
30147522h,Hilton Dubai Jumeirah
30174421h,Hilton Colombo Residences
30242708h,DoubleTree by Hilton Hotel Avanos - Cappadocia
30251296h,Hilton Garden Inn Matera
30277430h,Hilton Batumi
30301927h,Hampton by Hilton Bristol City Centre
30302746h,Hilton Brussels City
30306779h,Hilton Adelaide
30307361h,Hilton Hurghada Plaza
30308807h,Hilton Alexandria King's Ranch
30337433h,Hilton Garden Inn Volgograd
30346525h,Hilton Edinburgh Grosvenor
30347445h,DoubleTree by Hilton Hotel Milan
3037053h,Hilton Athens
30402016h,Hilton Belfast
30407987h,DoubleTree by Hilton Hotel Wroclaw
30409284h,Hilton Vienna Park
30438998h,Hilton Dusseldorf
30504052h,DoubleTree by Hilton Hotel London - Marble Arch
30504754h,Hilton Nottingham
30522857h,Hilton Brussels Grand Place
306000h,Abbasi Hotel
30644484h,Hotel Manger
30736107h,Hilton Imperial Dubrovnik
30927563h,Koriyama View Hotel Annex
30946698h,Hilton Garden Inn Hong Kong Mongkok
31277862h,Hilton Tallinn Park
3142395h,Hyatt Regency Paris Etoile
3153055h,InterContinental San Francisco
31827676h,U zlatého anděla
31827738h,U Medvídků
3185653h,Joseph Smith Memorial Building
31861463h,"Krajinská 41, Zátkův dům"
3192583h,Kanayama Minami Building
3278286h,Main Street Station Hotel and Casino and Brewery
3281025h,APA Hotel & Resort Tokyo Bay Makuhari
32947262h,Hilton Garden Inn New Delhi/Saket
33035435h,DoubleTree by Hilton Hotel Istanbul - Moda
33101471h,DoubleTree by Hilton Hotel Cluj - City Plaza
33189243h,Feuerschiff
33229354h,Hilton London Croydon
33382454h,DoubleTree by Hilton Hotel Melbourne - Flinders Street
3356472h,The Orleans
3359202h,Wyndham Grand İzmir Özdilek
3389734h,Place Bonaventure
3414568h,Quinta das Lágrimas
34204337h,Waldorf Astoria Dubai Palm Jumeirah
3471438h,San Francisco Marriott Marquis
3482309h,Shiodome Media Tower
3498798h,Hilton San Francisco Union Square
3533060h,Tour Duo
3545225h,"Sam's Town Hotel and Gambling Hall, Las Vegas"
3699364h,Culver Hotel
37857517h,Hampton by Hilton Birmingham Jewellery Quarter
37858337h,Hampton by Hilton Glasgow Central
37858682h,DoubleTree by Hilton Hotel Leeds City Centre
38251391h,3 V Tourist Court
38251968h,Bonneville Hotel
40037779h,Dämman
4040675h,Hilton Prague
41069183h,Hilton Amsterdam Airport Schiphol
41300192h,Hilton Pyramids Golf
42341625h,DoubleTree by Hilton Hotel London - Hyde Park
4260261h,Price Tower
4261094h,Downtown Grand Hotel & Casino
4261374h,Suncoast Hotel and Casino
4261384h,Las Vegas Club
4261513h,Grand Central Hotel
4272608h,Fairmont San Francisco
4272804h,Breakers Hotel
42748124h,Shah Abbasi Caravanserai of Abuzeydabad
42867978h,Tehrani House (Yazd)
42874514h,Golshan House (Yazd)
43031921h,Corona Hotel in Baia Sprie
43371249h,Brooks Hotel
4385582h,Page-Walker Hotel
44406603h,Hampshire House
4448816h,Tsukuba Center Building
4479814h,West Baden Springs Hotel
45316350h,DoubleTree by Hilton Hotel Edinburgh City Centre
45472344h,Hilton Tanger City Center Hotel & Residences
4596016h,1 Snow Hill Plaza
47004857h,Brandt Hotel
47166648h,Palau Benet-Desvilar
4725573h,Aliante Casino and Hotel
47401774h,Conrad Bora Bora Nui
47518776h,Millennium Hilton Bangkok
47902573h,Schloss Kölzow
4791273h,Arizona Charlie's Boulder
4792351h,Arlington Hotel
4793581h,Arminius Hotel
4806513h,Hilton Istanbul Bosphorus
4822225h,Hilton Izmir
4841991h,Baglioni Hotel
4842213h,Baha Mar
48843972h,Booth Hotel
49393251h,DoubleTree by Hilton Hotel Kuala Lumpur
4949600h,Boulder Station
49573628h,Hilton Cabo Verde Sal Resort
49593283h,Breite Straße 19
49593839h,Friedrichplatz 8
49594143h,Kurstraße 6
49595033h,Schloßstraße 5
4979998h,Bryan Building
49807274h,Hilton London Bankside
4985118h,Texas Station
4993716h,Castle of Alvito
4999251h,Burlington Hotel
50308536h,DoubleTree by Hilton Hotel Dubai - Jumeirah Beach
50353048h,Hilton Istanbul Bomonti Hotel & Conference Center
50356312h,Hotel Palace of Valencia
5049621h,Castaways Hotel and Casino
5049734h,Castle of Alcácer do Sal
5049843h,Castle of Vila Nova de Cerveira
50611971h,Hampton by Hilton London Gatwick Airport
5061223h,Central House Hotel
5065298h,Cerulean Tower
50809149h,Hilton Astana
50841764h,Hilton York
510121h,Schlosshotel Kronberg
51025456h,Hilton Garden Inn Florence Novoli
5120095h,Cimarron Hotel
51222702h,H10 Berlin Ku'damm
5179785h,Coworth House
51824364h,Hilton London Kensington
5189543h,Crowne Plaza Times Square
51918515h,Hilton Cairns
51956193h,Fort Piqua Plaza
5230243h,Davenport Hotel
52886668h,"Rome Cavalieri, A Waldorf Astoria Hotel"
5302326h,Dousman Hotel
5330926h,Eastside Cannery
5351073h,El Cortez
53632218h,DoubleTree by Hilton Hotel London ExCel
53806946h,Convento do Salvador
53881282h,Palacete do Chafariz d'El-Rei
53999203h,Hilton Niseko Village
5430586h,Hilton Cairo Heliopolis
54427554h,Dalmatia Tower
54474974h,Companhia de Moagens Harmonia
54475112h,Quinta da Pacheca
54475217h,NH Collection Porto Batalha
54475224h,Moov Hotel Porto Centro
546221h,Trump International Hotel and Tower
54652699h,DoubleTree Resort by Hilton Penang
5472026h,Fort Shelby Hotel
5472556h,Forte de São Sebastião
5475490h,"Four Seasons Hotel building, San Francisco"
5475499h,Four Seasons Hotel Chicago
54873914h,Clarke Hotel
550379h,Conrad Dubai
55075422h,Hippee Building
55185046h,Sint-Antonius van Paduakerk
55209416h,Harper House
55346142h,Convent of the Capuchinos
55347999h,Hilton Barcelona
5545989h,George Washington House
55605106h,Beaumont Hotel
55865629h,Hampton by Hilton Liverpool City Centre
5594050h,Hotel Gran Meliá Don Pepe
5594662h,Grand Hyatt San Francisco
5594866h,"Grand Palace Hotel, New Orleans"
5595660h,Brampton Grange
5602124h,Greektown Casino Hotel
56027180h,former station for biology Plön
56071855h,DoubleTree by Hilton Hotel & Spa Liverpool
56084920h,Clayton Crown Hotel
56085005h,Clayton Hotel Chiswick
56085020h,Clayton Hotel Leeds
56085053h,Clayton Hotel Birmingham
56085075h,Clayton Hotel Belfast
56150916h,Clayton Hotel Cardiff
56194854h,Hilton Garden Inn Orenburg
56214797h,Hilton Garden Inn Novorossiysk
5637110h,Hacienda
56446735h,Hilton Beijing Capital Airport
5646336h,Hampton by Hilton Liverpool/John Lennon Airport
56478942h,Hilton Kuwait Resort
56522910h,"Grand Hotel des Sablettes Plage, Curio Collection by Hilton"
56598554h,Canopy by Hilton Reykjavik City Centre
56651595h,Clayton Hotel Charlemont
56705491h,"former Hotel Castilla, Toledo"
56711100h,Edifício A Tarde
56827407h,Hilton Garden Inn Puchong
5683588h,Malek al-Tojar House (Yazd)
569978h,Caesars Palace
5705250h,Guged Caravanserai
5710559h,Paasitorni
57297679h,"Gran Vía 74, Madrid"
57385878h,Hampton by Hilton London Luton Airport
57613527h,Palazzo Montemartini
5764519h,Hilton Chennai
5764570h,Hilton Glasgow
5764576h,Hilton Hanoi Opera
5764637h,Hilton Liverpool City Centre
5764648h,Hilton London Metropole
5764652h,DoubleTree by Hilton Hotel Luxembourg
5764716h,Safir Sharm Waterfalls Resort
5764722h,Hilton Singapore
57739907h,Conrad Xiamen
5785660h,Convento Dominico de Nuestra Señora de la Consolación
58069409h,Hampton by Hilton Samara
58086658h,Hilton Garden Inn Ufa Riverside
58229015h,DoubleTree by Hilton Hotel Girona
587108h,Yokohama Landmark Tower
5872085h,Flour factory San José
5878173h,Malekzadeh House (Yazd)
5883194h,Qorban Alizadeh House
5884157h,Khoshnevis Mansion
5885917h,Kasra Vafadari House
5891776h,Moshir Garden
5892374h,Moshir Caravanserai
5894717h,Dr. Hojjat House
5901285h,Alafchian House
5903404h,Hotel Málaga Palacio
5903511h,"Hotel de las Letras, Madrid"
5907540h,Aminabad Caravanserai
5908224h,Shah Abbasi Caravanserai of Bisotun
5911169h,Hotel Alder
5911415h,Hilton Podgorica Crna Gora
5912133h,"Hagia Sofia Mansions Istanbul, Curio Collection by Hilton"
59131992h,DoubleTree by Hilton Hotel Minsk
59138963h,Hilton Garden Inn Moscow New Riga
5918301h,Banitaba House
5920727h,Manuchehri House (Kashan)
59209270h,Hilton Istanbul Maslak
59420694h,Clayton Hotel Sligo
59491160h,Clayton Hotel Cork City
59491401h,Clayton Whites Hotel
59492165h,Hilton Hua Hin Resort & Spa
59492195h,Clayton Hotel Silver Springs
59492250h,Clayton Hotel Galway
59492478h,Clayton hotel Leopardstown
59493677h,Clayton Hotel Liffey Valley
59519828h,house at V jirchářích 13
5952911h,Hyatt Regency San Francisco
5963275h,Ehsan House (Kashan)
59872505h,"George Hotel, Sydney"
59872532h,Trickett's Hotel
60055194h,"Wales House, Sydney"
60323642h,Hoff Building
60389409h,Ancienne église Saint-Nicolas
6044861h,"InterContinental Chicago Magnificent Mile, an IHG Hotel"
60452089h,Hilton Cape Town City Centre
6058109h,Antiguo Hotel Miramar
60641676h,"Grand Tirolia Hotel Kitzbuhel, Curio Collection by Hilton"
60642328h,Canopy by Hilton Zagreb - City Centre
60732352h,Hilton Garden Inn Dubai Al Jadaf Culture Village
60746742h,The Durant
60748351h,Harvey Hotel
60767158h,Oakland Hotel
60847568h,King's Casino Rozvadov
60912347h,Hampton by Hilton Freiburg
6108856h,JR Central Towers
61090457h,Transcorp Hilton Abuja
6109260h,JW Marriott San Francisco Union Square
6109264h,JW Marriott Las Vegas
61100884h,DoubleTree by Hilton Hotel London - West End
61114082h,"La Bagnaia Golf & Spa Resort Siena, Curio Collection by Hilton"
61165878h,"Hilton at St George's Park, Burton Upon Trent"
61357012h,Semnani House
61465403h,DoubleTree by Hilton Hotel Tyumen
61567322h,Hilton Newcastle Gateshead
61573625h,Hilton Surfers Paradise Hotel & Residences
616726h,Hooters Casino Hotel
61717587h,Hilton London Gatwick Airport
6172690h,Jeddah Hilton Hotel
61728255h,the Gibson Hotel
61741817h,The International
61868406h,DoubleTree by Hilton Hotel Woking
61885625h,Hilton Marsa Alam Nubian Resort
61888685h,Hilton Fiji Beach Resort and Spa
61897167h,Conrad Bangkok
62068054h,Conrad Cairo
62479268h,Hampton by Hilton Munich City West
63025895h,Hilton Dublin
63164854h,Hilton Garden Inn Luton North
63190257h,Hilton Brisbane
63296024h,Hilton Garden Inn Kuala Lumpur Jalan Tuanku Abdul Rahman South
634258h,Veer Towers
63435869h,Fort Worth Club Building
6353197h,Han-Lai New World Center
63608863h,DoubleTree by Hilton Hotel London - Victoria
637389h,Luxor Resort & Casino
63790123h,Hilton Garden Inn Kampala
63832005h,Hampton by Hilton Warsaw Mokotow
63859908h,Hilton Garden Inn Tirana
63869688h,DoubleTree by Hilton Kocaeli
63883252h,Hilton Moorea Lagoon Resort & Spa
63885416h,Hilton Garden Inn Birmingham Brindleyplace
63975276h,Hampton by Hilton Belfast City Centre
6411467h,King Edward Hotel
64152343h,DoubleTree by Hilton Cambridge Belfry
6421328h,Han-Hsien International Hotel
64363310h,DoubleTree by Hilton Hotel Bristol City Centre
6439146h,Krrish Square
6448583h,Vakil Caravanserai
646339h,Hotel Torni
64701276h,Hilton Seychelles Labriz Resort & Spa
64769038h,Washingtonova 23
64785112h,"Hotel Villa Magna, Madrid"
64822290h,Hilton Reykjavik Nordica
64827562h,Hilton Garden Inn Singapore Serangoon
64845950h,Hampton by Hilton Amsterdam / Arena Boulevard
64845961h,Conrad Algarve
64859000h,Hilton Colombo
64868965h,Hilton Garden Inn Bristol City Centre
64933804h,Hilton Garden Inn Ras Al Khaimah
6493973h,Lassen Hotel
64992591h,Hampton by Hilton Exeter Airport
65037569h,Parnitha Sanatorium
65042009h,Broadway Hotel
65042333h,The Salvation Army Building
65043882h,Rickman House
65218555h,"Danubius Hotel Hungaria City Center, Budapest"
6538417h,Zargar Yazdi House
654279h,Aria Resort and Casino
654906h,Binion's Horseshoe
656743h,Kingdom Centre
65769542h,DoubleTree by Hilton Carcassonne
65770076h,Hilton Garden Inn Glasgow City Centre
66382805h,Conrad Dublin
66423173h,Waldorf Astoria Ras Al Khaimah
66424172h,Hilton Nicosia
66424250h,Hilton Garden Inn Istanbul Golden Horn Turkey
66437370h,DoubleTree by Hilton Dubai - Business Bay
66439260h,DoubleTree by Hilton Hotel Gurgaon - New Delhi NCR
66586875h,Hilton Makkah Convention Hotel
66658603h,Hilton Pattaya
66660297h,Hilton Garden Inn Dubai Al Mina
66771676h,Hilton Shillim Estate Retreat & Spa
66813051h,"Palácio Hotel de Bussaco, Palacete Hotel do Buçaco"
66813690h,Castle of Estremoz
66814366h,"Hotel Ritz, incluindo o património integrado"
66924306h,Jurys Inn Leeds
66969081h,Hampton by Hilton Leeds City Centre
66969175h,Ibis Leeds Centre
66969326h,Hilton Leeds City
67013894h,DoubleTree by Hilton Hotel Olbia - Sardinia
67206508h,Hilton Garden Inn Rome Airport
6747847h,Mandarin Orchard Singapore
6747856h,Loews Regency San Francisco
6751307h,Manor Apartment Hotel
67765140h,Conrad Koh Samui
67863357h,Hilton Glasgow Grosvenor
67868674h,DoubleTree by Hilton Royal Parc Soestduinen
67874379h,Hampton by Hilton Dundee City Centre
67920401h,Hilton Malta
68121379h,Parkhotel Praha
68167138h,Hotel Pyramida
6824905h,Metropolis
6825178h,Hilton Beirut Metropolitan Palace
6869131h,Minor Sod House
6914041h,Morrison Hotel
691491h,Paris Las Vegas
69383898h,Hilton Sydney
69531148h,Hampton by Hilton Amsterdam Airport Schiphol
69647678h,Hilton Aberdeen TECA
696927h,Oheka Castle
70206906h,Hilton Garden Inn Kuala Lumpur Jalan Tuanku Abdul Rahman North
7040843h,Nisiyama Onsen Keiunkan
7126178h,Palace Hotel Residential Tower
713960h,MGM Grand Las Vegas
71409297h,Hilton London Watford
71817207h,Hampton by Hilton Warsaw Airport
71828738h,"Hilton Puckrup Hall, Tewkesbury"
7203612h,Plaza Hotel & Casino
72067004h,DoubleTree by Hilton Moscow - Vnukovo Airport
7216435h,Hilton Tel Aviv
72172868h,DoubleTree by Hilton Madrid - Prado
72177013h,Palacete B. Carrera
72278577h,Hilton Jaipur
7247936h,Professional Building
72812966h,Hilton Addis Ababa
7281354h,Hilton Dubai Creek
72988389h,DoubleTree by Hilton Hotel Zanzibar - Stone Town
7304924h,"Red Rock Casino, Resort & Spa"
731089h,Willard InterContinental Washington
73139954h,Hilton Tangier Al Houara Resort & Spa
73274620h,Pellihof
7336896h,Ritz-Carlton Chicago
73499085h,Hampton by Hilton Berlin City Centre Alexanderplatz
73621829h,Hilton Luxor Resort & Spa
73640935h,Santa Casa da Misericórdia de Óbidos
7374338h,Royal Insurance Building
737602h,Aspire Tower
73879785h,Hilton Mandalay
73898961h,Hilton Garden Inn Zagreb - Radnicka
739914h,Rio All-Suite Hotel and Casino
7419570h,Santa Fe Station
743147h,Hotel Negresco
74527699h,Hilton Capital Grand Abu Dhabi
74665770h,DoubleTree by Hilton Hotel Jakarta - Diponegoro
74812978h,DoubleTree by Hilton Hotel Aqaba
75018491h,Hilton Garden Inn Krakow
7503956h,Shrigley Hall
7520490h,Simonsbath House
752939h,RMS Queen Mary
7553765h,Sofitel Chicago Water Tower
7553767h,DoubleTree by Hilton Hotel Shanghai - Pudong
7553769h,Pullman Bangkok Hotel G
75721557h,DoubleTree by Hilton Edinburgh - Queensferry Crossing
7575371h,Speech House
7591596h,St. Regis Museum Tower
75971164h,Hilton Garden Inn Riyadh Olaya
76021053h,ANA Crowne Plaza Akita
76355045h,Arena Center
7641354h,Sunset Station
7643550h,Superior Oil Company Building
76620470h,Hampton by Hilton Dubai Al Barsha
76721707h,Hilton Kuching
76724214h,DoubleTree by Hilton Krakow Hotel & Convention Center
76726211h,DoubleTree by Hilton Hotel Moscow - Marina
76795105h,Hilton Sharks Bay Resort
7720948h,The Cairo
7730896h,The Drayton Court
7736171h,The George Hotel
77416106h,DoubleTree by Hilton Glasgow Westerwood Spa & Golf Resort
77418726h,Hilton Garden Inn Lusaka Society Business Park
7745429h,The Landmark Hotel and Casino
7754900h,"The Old Rectory, St Columb Major"
7756547h,The Peninsula Chicago
7774298h,The Western
779373h,The Linq
78036841h,Hilton Guam Resort & Spa
78054939h,"AlRayyan Hotel Doha, Curio Collection by Hilton"
7832418h,"The Trafalgar St. James London, Curio Collection by Hilton"
78897920h,"West Hotel Sydney, Curio Collection by Hilton"
79309518h,MLC Building
7969454h,Merdeka 118
7988922h,Westin Las Vegas
7988923h,Westin San Francisco Market Street
7988926h,Westin St. Francis
79942014h,Hotel Amigo
804686h,Balboa Inn
804702h,Balch Hotel
805467h,Bally's Las Vegas Hotel & Casino
81100400h,Casa Pere Villoch
81100403h,Edifici Companyia Transatlàntica
81495406h,DoubleTree by Hilton Bangkok Ploenchit
84029894h,Hampton by Hilton Nuremberg City Centre
845846h,"The STRAT Hotel, Casino & SkyPod"
851102h,Hotel Kvarner
85749503h,Bump Block-Bellevue House-Hawthorne Hotel
85758819h,El Monte Hotel
85802924h,St. Nicholas Hotel
85845504h,Berwyn Apartments
86595792h,Valkealinna
86754328h,Inez Hotel
869378h,California Hotel and Casino
89425684h,Rawema-Haus
896259h,Monrepos
900983h,The Mirage
90404749h,Hilton Durban
9054487h,Palácio do Freixo
90545243h,Hilton Garden Inn Sevilla
90682834h,Hilton Sandton
91607548h,Hilton Suites Makkah
916673h,The Signature at MGM Grand
92176916h,Hilton London Heathrow Airport Terminal 5
92263872h,Hilton Dublin Kilmainham
9294078h,Hilton Gdańsk
9294080h,Hotel Jalta
9294281h,Ameri House
93121772h,Hôtel Napoléon
9358597h,El Rancho Hotel and Casino
952861h,World Trade Centre Montreal
96377064h,Hilton Bursa Convention Center and Spa
96743206h,Great Falls Tavern
96757505h,Pazo of the Maceda Counts
96787014h,Hilton Garden Inn Kuwait
979477h,Athenee Palace Hilton Bucharest
98407274h,Albertinkatu 34 - Lönnrotinkatu 26
98407275h,Albertinkatu 34
98407311h,Annankatu 1
98412731h,Hotelli Helsinki
98412733h,Hotelli Marskin talo
98413370h,Kanavakatu 8
98432053h,Pohjoinen Rautatiekatu 23
98433308h,Valion juustovaraston rakennus
98433345h,Valtion biokemiallisen tutkimuslaitoksen laboratoriorakennus
98433742h,Katajanokan vankilan rakennus
98433825h,Suomi-yhtiön talo
98550889h,Villa Gaia
98582250h,Hotel Villa
9871323h,Convento das Eremitas de Santo Agostinho
98784123h,"Stadshotellet, Karlstad"
99454646h,Conrad Bengaluru
995338h,Bryson Apartment Hotel
99583717h,Hôtel van Ertborn
99703247h,Grand Hôtel
