s,p,hotel_name,country_name
100877359h,http://www.w3.org/1999/02/22-rdf-syntax-ns#type,Müritz Hotel,Germany
1011881h,http://www.w3.org/1999/02/22-rdf-syntax-ns#type,Burg Großfurra,Germany
1015042h,http://www.w3.org/1999/02/22-rdf-syntax-ns#type,Burghaus Burgsahr,Germany
10332618h,http://www.w3.org/1999/02/22-rdf-syntax-ns#type,Mosteiro de Flor da Rosa,Portugal
103331335h,http://www.w3.org/1999/02/22-rdf-syntax-ns#type,"32 Bond Street, Ross",Australia
10343928h,http://www.w3.org/1999/02/22-rdf-syntax-ns#type,Palácio Belmonte,Portugal
10344021h,http://www.w3.org/1999/02/22-rdf-syntax-ns#type,Palácio de Estói,Portugal
10352192h,http://www.w3.org/1999/02/22-rdf-syntax-ns#type,Convento das Chagas (Vila Viçosa),Portugal
10352195h,http://www.w3.org/1999/02/22-rdf-syntax-ns#type,Convento dos Lóios,Portugal
10352198h,http://www.w3.org/1999/02/22-rdf-syntax-ns#type,Pousada de Condeixa-a-Nova,Portugal
10352202h,http://www.w3.org/1999/02/22-rdf-syntax-ns#type,Capela e Hospital da Santa Casa da Misericórdia de Ourém,Portugal
10352206h,http://www.w3.org/1999/02/22-rdf-syntax-ns#type,Pousada de Viseu,Portugal
10352207h,http://www.w3.org/1999/02/22-rdf-syntax-ns#type,Antigo Convento do Desagravo do Santíssimo Sacramento,Portugal
10352211h,http://www.w3.org/1999/02/22-rdf-syntax-ns#type,Convento de Nossa Senhora da Boa Esperança,Portugal
10352218h,http://www.w3.org/1999/02/22-rdf-syntax-ns#type,Solar da Rede,Portugal
10352219h,http://www.w3.org/1999/02/22-rdf-syntax-ns#type,Convento dos Lóios,Portugal
104083353h,http://www.w3.org/1999/02/22-rdf-syntax-ns#type,Commercial Hotel,Australia
104234251h,http://www.w3.org/1999/02/22-rdf-syntax-ns#type,British Hotel,Australia
104830558h,http://www.w3.org/1999/02/22-rdf-syntax-ns#type,Welsbach Building,United States of America
1049027h,http://www.w3.org/1999/02/22-rdf-syntax-ns#type,Jumeirah Emirates Towers Hotel,United Arab Emirates
1049209h,http://www.w3.org/1999/02/22-rdf-syntax-ns#type,The Venetian,United States of America
1051604h,http://www.w3.org/1999/02/22-rdf-syntax-ns#type,Four Queens,United States of America
10524043h,http://www.w3.org/1999/02/22-rdf-syntax-ns#type,Hilton Nairobi,Kenya
10524047h,http://www.w3.org/1999/02/22-rdf-syntax-ns#type,Hilton Stockholm Slussen,Sweden
10526554h,http://www.w3.org/1999/02/22-rdf-syntax-ns#type,Hotel Knaust,Sweden
10526572h,http://www.w3.org/1999/02/22-rdf-syntax-ns#type,Hotel Billingen,Sweden
105554563h,http://www.w3.org/1999/02/22-rdf-syntax-ns#type,Heliopolis Towers Hotel,Egypt
105621651h,http://www.w3.org/1999/02/22-rdf-syntax-ns#type,Oubangui Hotel,Central African Republic
106090892h,http://www.w3.org/1999/02/22-rdf-syntax-ns#type,"Overtoom 33, Amsterdam",Netherlands
106192327h,http://www.w3.org/1999/02/22-rdf-syntax-ns#type,Can Ferrandell,Spain
1063195h,http://www.w3.org/1999/02/22-rdf-syntax-ns#type,Torre de Madrid,Spain
106393048h,http://www.w3.org/1999/02/22-rdf-syntax-ns#type,Hampton by Hilton Bursa,Turkey
1064873h,http://www.w3.org/1999/02/22-rdf-syntax-ns#type,Excalibur Hotel and Casino,United States of America
106996884h,http://www.w3.org/1999/02/22-rdf-syntax-ns#type,Na můstku 10,Czech Republic
107121457h,http://www.w3.org/1999/02/22-rdf-syntax-ns#type,Brinker Collegiate Institute,United States of America
107168152h,http://www.w3.org/1999/02/22-rdf-syntax-ns#type,Manor House Hotel,United States of America
107607598h,http://www.w3.org/1999/02/22-rdf-syntax-ns#type,Hotel Dudley,United States of America
108294146h,http://www.w3.org/1999/02/22-rdf-syntax-ns#type,"Flour Mill at 129 Port avenue, Valencia",Spain
108309815h,http://www.w3.org/1999/02/22-rdf-syntax-ns#type,Can Cera,Spain
108516880h,http://www.w3.org/1999/02/22-rdf-syntax-ns#type,Villa Balbi,Italy
108729880h,http://www.w3.org/1999/02/22-rdf-syntax-ns#type,Kasteel Solhof,Belgium
108865646h,http://www.w3.org/1999/02/22-rdf-syntax-ns#type,Lamar Hotel,United States of America
108865673h,http://www.w3.org/1999/02/22-rdf-syntax-ns#type,Union Hotel,United States of America
1092961h,http://www.w3.org/1999/02/22-rdf-syntax-ns#type,Circus Circus Las Vegas,United States of America
109451447h,http://www.w3.org/1999/02/22-rdf-syntax-ns#type,Panquinkazerne,Belgium
1096141h,http://www.w3.org/1999/02/22-rdf-syntax-ns#type,Act Tower,Japan
110010967h,http://www.w3.org/1999/02/22-rdf-syntax-ns#type,"SAii Lagoon Maldives, Curio Collection by Hilton",Maldives
110041692h,http://www.w3.org/1999/02/22-rdf-syntax-ns#type,Central téléphonique Ségur,France
110147122h,http://www.w3.org/1999/02/22-rdf-syntax-ns#type,Hilton Garden Inn London Heathrow Terminals 2 and 3,United Kingdom
110251555h,http://www.w3.org/1999/02/22-rdf-syntax-ns#type,Ostrovní 15,Czech Republic
110407965h,http://www.w3.org/1999/02/22-rdf-syntax-ns#type,Tours Odyssey,France
110660109h,http://www.w3.org/1999/02/22-rdf-syntax-ns#type,Silk Road Hotel (Yazd),Iran
110660372h,http://www.w3.org/1999/02/22-rdf-syntax-ns#type,Dalan-e Behesht Hotel,Iran
110664670h,http://www.w3.org/1999/02/22-rdf-syntax-ns#type,Khesht Abad Hotel,Iran
1106716h,http://www.w3.org/1999/02/22-rdf-syntax-ns#type,"Kempinski Hotel Corvinus, Budapest",Hungary
110681137h,http://www.w3.org/1999/02/22-rdf-syntax-ns#type,Zoerselhof,Belgium
110735133h,http://www.w3.org/1999/02/22-rdf-syntax-ns#type,Can Balaguer,Spain
1107391h,http://www.w3.org/1999/02/22-rdf-syntax-ns#type,Sands Hotel and Casino,United States of America
110831132h,http://www.w3.org/1999/02/22-rdf-syntax-ns#type,Casa Gabino Bobo,Spain
111041461h,http://www.w3.org/1999/02/22-rdf-syntax-ns#type,DoubleTree by Hilton Hannover Schweizerhof,Germany
111243216h,http://www.w3.org/1999/02/22-rdf-syntax-ns#type,Hilton Singapore Orchard,Singapore
111445383h,http://www.w3.org/1999/02/22-rdf-syntax-ns#type,Chestnut Residence and Conference Centre,Canada
1116194h,http://www.w3.org/1999/02/22-rdf-syntax-ns#type,The Leland Hotel,United States of America
112111547h,http://www.w3.org/1999/02/22-rdf-syntax-ns#type,Lepopirtti,Finland
112147576h,http://www.w3.org/1999/02/22-rdf-syntax-ns#type,Torenhuis,Belgium
112168936h,http://www.w3.org/1999/02/22-rdf-syntax-ns#type,De Gouden Leeuw,Belgium
1127749h,http://www.w3.org/1999/02/22-rdf-syntax-ns#type,Hotel Kämp,Finland
113051152h,http://www.w3.org/1999/02/22-rdf-syntax-ns#type,Putnam House,United States of America
113163876h,http://www.w3.org/1999/02/22-rdf-syntax-ns#type,St. James Hotel,United States of America
113164074h,http://www.w3.org/1999/02/22-rdf-syntax-ns#type,Windsor Hotel,United States of America
113164146h,http://www.w3.org/1999/02/22-rdf-syntax-ns#type,Palmetto House,United States of America
113164237h,http://www.w3.org/1999/02/22-rdf-syntax-ns#type,Clarendon Hotel,United States of America
113171856h,http://www.w3.org/1999/02/22-rdf-syntax-ns#type,Union House,United States of America
11330330h,http://www.w3.org/1999/02/22-rdf-syntax-ns#type,Hilton Nagoya,Indonesia
11330330h,http://www.w3.org/1999/02/22-rdf-syntax-ns#type,Hilton Nagoya,Japan
11330332h,http://www.w3.org/1999/02/22-rdf-syntax-ns#type,Hilton Odawara Resort & Spa,Japan
11330335h,http://www.w3.org/1999/02/22-rdf-syntax-ns#type,Hilton Tokyo Bay,Japan
113564549h,http://www.w3.org/1999/02/22-rdf-syntax-ns#type,Hôtel La Pérouse,France
1136654h,http://www.w3.org/1999/02/22-rdf-syntax-ns#type,The D Las Vegas,United States of America
1136841h,http://www.w3.org/1999/02/22-rdf-syntax-ns#type,Fremont Hotel and Casino,United States of America
11415297h,http://www.w3.org/1999/02/22-rdf-syntax-ns#type,JR Gate Tower,Japan
114289194h,http://www.w3.org/1999/02/22-rdf-syntax-ns#type,Grand Hôtel G. Scheers,Belgium
1143174h,http://www.w3.org/1999/02/22-rdf-syntax-ns#type,Ritz-Carlton Toronto,Canada
1147483h,http://www.w3.org/1999/02/22-rdf-syntax-ns#type,Sahara Las Vegas,United States of America
115282741h,http://www.w3.org/1999/02/22-rdf-syntax-ns#type,Nedermolen,Belgium
116215655h,http://www.w3.org/1999/02/22-rdf-syntax-ns#type,Hotel Antonio Perez,Belgium
11700542h,http://www.w3.org/1999/02/22-rdf-syntax-ns#type,Prince George Hotel,United States of America
1189944h,http://www.w3.org/1999/02/22-rdf-syntax-ns#type,Hotel Porta Fira,Spain
1200583h,http://www.w3.org/1999/02/22-rdf-syntax-ns#type,Desert Inn,United States of America
12020416h,http://www.w3.org/1999/02/22-rdf-syntax-ns#type,Hotel Paříž,Czech Republic
12072758h,http://www.w3.org/1999/02/22-rdf-syntax-ns#type,Westin Book Cadillac Hotel,United States of America
1237113h,http://www.w3.org/1999/02/22-rdf-syntax-ns#type,Convento de Santa Maria do Bouro,Portugal
12495h,http://www.w3.org/1999/02/22-rdf-syntax-ns#type,Burj Khalifa,United Arab Emirates
1281171h,http://www.w3.org/1999/02/22-rdf-syntax-ns#type,Trump Hotel Las Vegas,United States of America
1304383h,http://www.w3.org/1999/02/22-rdf-syntax-ns#type,Waldorf Astoria Las Vegas,United States of America
13049756h,http://www.w3.org/1999/02/22-rdf-syntax-ns#type,Canfranc-Estación,Spain
1309059h,http://www.w3.org/1999/02/22-rdf-syntax-ns#type,Wynn Las Vegas,United States of America
13103085h,http://www.w3.org/1999/02/22-rdf-syntax-ns#type,Hôtel de Paris,Luxembourg
1324543h,http://www.w3.org/1999/02/22-rdf-syntax-ns#type,El Rancho Hotel & Motel,United States of America
1340132h,http://www.w3.org/1999/02/22-rdf-syntax-ns#type,Encore,United States of America
1340365h,http://www.w3.org/1999/02/22-rdf-syntax-ns#type,Westgate Las Vegas Resort & Casino,United States of America
1342565h,http://www.w3.org/1999/02/22-rdf-syntax-ns#type,Planet Hollywood Resort & Casino,United States of America
1347033h,http://www.w3.org/1999/02/22-rdf-syntax-ns#type,Dunes,United States of America
13529145h,http://www.w3.org/1999/02/22-rdf-syntax-ns#type,"The Biltmore Mayfair, LXR Hotels & Resorts",United Kingdom
13529180h,http://www.w3.org/1999/02/22-rdf-syntax-ns#type,Hilton London Hyde Park,United Kingdom
1360313h,http://www.w3.org/1999/02/22-rdf-syntax-ns#type,Treasure Island Hotel and Casino,United States of America
1368043h,http://www.w3.org/1999/02/22-rdf-syntax-ns#type,Mandalay Bay,United States of America
1368798h,http://www.w3.org/1999/02/22-rdf-syntax-ns#type,SEG Plaza,People's Republic of China
1401439h,http://www.w3.org/1999/02/22-rdf-syntax-ns#type,Schüttkasten Geras,Austria
1412478h,http://www.w3.org/1999/02/22-rdf-syntax-ns#type,"The Waldorf Hilton, London",United Kingdom
1426968h,http://www.w3.org/1999/02/22-rdf-syntax-ns#type,Flamingo Las Vegas,United States of America
1429071h,http://www.w3.org/1999/02/22-rdf-syntax-ns#type,New York-New York Hotel and Casino,United States of America
1430318h,http://www.w3.org/1999/02/22-rdf-syntax-ns#type,Rossiya Hotel,Russia
1436845h,http://www.w3.org/1999/02/22-rdf-syntax-ns#type,Cosmopolitan of Las Vegas,United States of America
145361h,http://www.w3.org/1999/02/22-rdf-syntax-ns#type,Gezirah Palace,Egypt
1457875h,http://www.w3.org/1999/02/22-rdf-syntax-ns#type,Villa Crespi,Italy
14683065h,http://www.w3.org/1999/02/22-rdf-syntax-ns#type,"333 Battery Street, San Francisco,",United States of America
14689609h,http://www.w3.org/1999/02/22-rdf-syntax-ns#type,Jackson Hotel,United States of America
14693298h,http://www.w3.org/1999/02/22-rdf-syntax-ns#type,Magnolia Hotel,United States of America
14705265h,http://www.w3.org/1999/02/22-rdf-syntax-ns#type,Resorts World Las Vegas,United States of America
14753688h,http://www.w3.org/1999/02/22-rdf-syntax-ns#type,"Casa Alberola Alicante, Curio Collection by Hilton",Spain
1481002h,http://www.w3.org/1999/02/22-rdf-syntax-ns#type,The Ritz London,United Kingdom
14954702h,http://www.w3.org/1999/02/22-rdf-syntax-ns#type,107 Piccadilly,United Kingdom
1504641h,http://www.w3.org/1999/02/22-rdf-syntax-ns#type,Kaufhaus Jonaß,Germany
15068974h,http://www.w3.org/1999/02/22-rdf-syntax-ns#type,Zein-o-Din Caravanserai,Iran
1514587h,http://www.w3.org/1999/02/22-rdf-syntax-ns#type,The Palazzo,United States of America
15228738h,http://www.w3.org/1999/02/22-rdf-syntax-ns#type,InterContinental Budapest,Hungary
1535018h,http://www.w3.org/1999/02/22-rdf-syntax-ns#type,Golden Nugget Las Vegas Hotel & Casino,United States of America
1535845h,http://www.w3.org/1999/02/22-rdf-syntax-ns#type,Riviera Hotel and Casino,United States of America
1541365h,http://www.w3.org/1999/02/22-rdf-syntax-ns#type,Renaissance Center,United States of America
15640601h,http://www.w3.org/1999/02/22-rdf-syntax-ns#type,Palacio del Marqués de Velada,Spain
1580067h,http://www.w3.org/1999/02/22-rdf-syntax-ns#type,Harrah's Las Vegas,United States of America
1585008h,http://www.w3.org/1999/02/22-rdf-syntax-ns#type,Hard Rock Hotel and Casino,United States of America
15909474h,http://www.w3.org/1999/02/22-rdf-syntax-ns#type,Hengshan Picardie Hotel,People's Republic of China
15923583h,http://www.w3.org/1999/02/22-rdf-syntax-ns#type,Conrad Hong Kong,People's Republic of China
15978898h,http://www.w3.org/1999/02/22-rdf-syntax-ns#type,Berry Head House,United Kingdom
16256099h,http://www.w3.org/1999/02/22-rdf-syntax-ns#type,The Caledonian,United Kingdom
1630814h,http://www.w3.org/1999/02/22-rdf-syntax-ns#type,Hotel Weiss Kreuz,Switzerland
1630833h,http://www.w3.org/1999/02/22-rdf-syntax-ns#type,"Hotel Berlin, Berlin",Germany
1630837h,http://www.w3.org/1999/02/22-rdf-syntax-ns#type,Hotel Bodenhaus,Switzerland
1630911h,http://www.w3.org/1999/02/22-rdf-syntax-ns#type,Hilton Warsaw City,Poland
16318627h,http://www.w3.org/1999/02/22-rdf-syntax-ns#type,Abeno Harukas,Japan
1637090h,http://www.w3.org/1999/02/22-rdf-syntax-ns#type,"South Point Hotel, Casino & Spa",United States of America
16528268h,http://www.w3.org/1999/02/22-rdf-syntax-ns#type,Aquarium et Musée de la Mer de Dinard,France
16621592h,http://www.w3.org/1999/02/22-rdf-syntax-ns#type,Villa Torretta,Italy
167870h,http://www.w3.org/1999/02/22-rdf-syntax-ns#type,Boardwalk Hotel and Casino,United States of America
1682221h,http://www.w3.org/1999/02/22-rdf-syntax-ns#type,Dagebüll lighthouse,Germany
16833188h,http://www.w3.org/1999/02/22-rdf-syntax-ns#type,Lloyd-Bahnhof,Germany
16843761h,http://www.w3.org/1999/02/22-rdf-syntax-ns#type,Hilton Diagonal Mar Barcelona,Spain
168575h,http://www.w3.org/1999/02/22-rdf-syntax-ns#type,CTF Finance Centre,People's Republic of China
16890775h,http://www.w3.org/1999/02/22-rdf-syntax-ns#type,Crown Sydney,Australia
16949846h,http://www.w3.org/1999/02/22-rdf-syntax-ns#type,B&O Railroad Headquarters Building,United States of America
16995460h,http://www.w3.org/1999/02/22-rdf-syntax-ns#type,Wyndham Springfield City Centre,United States of America
17043498h,http://www.w3.org/1999/02/22-rdf-syntax-ns#type,Viciebsk,Belarus
17183802h,http://www.w3.org/1999/02/22-rdf-syntax-ns#type,"Castle Hotel, Ruthin",United Kingdom
17226268h,http://www.w3.org/1999/02/22-rdf-syntax-ns#type,Hilton Tokyo,Japan
17229982h,http://www.w3.org/1999/02/22-rdf-syntax-ns#type,Hilton Fukuoka Sea Hawk,Japan
17390148h,http://www.w3.org/1999/02/22-rdf-syntax-ns#type,Citadel of Cascais,Portugal
1743514h,http://www.w3.org/1999/02/22-rdf-syntax-ns#type,Kirkland Hotel,United States of America
17444603h,http://www.w3.org/1999/02/22-rdf-syntax-ns#type,Hilton Frankfurt Airport,Germany
17444624h,http://www.w3.org/1999/02/22-rdf-syntax-ns#type,Hilton Garden Inn Frankfurt Airport,Germany
17444904h,http://www.w3.org/1999/02/22-rdf-syntax-ns#type,DoubleTree by Hilton Hotel London - Docklands Riverside,United Kingdom
17512898h,http://www.w3.org/1999/02/22-rdf-syntax-ns#type,Arlington Hotel,Canada
17532427h,http://www.w3.org/1999/02/22-rdf-syntax-ns#type,Stanley House,United Kingdom
17533843h,http://www.w3.org/1999/02/22-rdf-syntax-ns#type,Polebarn House,United Kingdom
17534979h,http://www.w3.org/1999/02/22-rdf-syntax-ns#type,5 and 7 High Street and Falcon Hotel Annexe,United Kingdom
17544934h,http://www.w3.org/1999/02/22-rdf-syntax-ns#type,Barton Seagrave Hall,United Kingdom
17549646h,http://www.w3.org/1999/02/22-rdf-syntax-ns#type,"2, 3 and 4, Regency Square",United Kingdom
17554574h,http://www.w3.org/1999/02/22-rdf-syntax-ns#type,Fritton Old Hall,United Kingdom
17557267h,http://www.w3.org/1999/02/22-rdf-syntax-ns#type,11 Market End,United Kingdom
17619057h,http://www.w3.org/1999/02/22-rdf-syntax-ns#type,Agronomitalo,Finland
17793480h,http://www.w3.org/1999/02/22-rdf-syntax-ns#type,Hilton Edinburgh Carlton,United Kingdom
17834531h,http://www.w3.org/1999/02/22-rdf-syntax-ns#type,1 Tower Knowe,United Kingdom
17834546h,http://www.w3.org/1999/02/22-rdf-syntax-ns#type,"Hawick, 1 Tower Dykeside",United Kingdom
17834566h,http://www.w3.org/1999/02/22-rdf-syntax-ns#type,"Hawick, 3, 4 Tower Dykeside",United Kingdom
17835167h,http://www.w3.org/1999/02/22-rdf-syntax-ns#type,2 Tower Dykeside,United Kingdom
1795050h,http://www.w3.org/1999/02/22-rdf-syntax-ns#type,Palace Station,United States of America
18008489h,http://www.w3.org/1999/02/22-rdf-syntax-ns#type,Torre del Remei,Spain
18112026h,http://www.w3.org/1999/02/22-rdf-syntax-ns#type,DoubleTree by Hilton Hotel London - Chelsea,United Kingdom
18286846h,http://www.w3.org/1999/02/22-rdf-syntax-ns#type,Waldorf Astoria Amsterdam,Netherlands
18340195h,http://www.w3.org/1999/02/22-rdf-syntax-ns#type,Hybernská 12,Czech Republic
18509174h,http://www.w3.org/1999/02/22-rdf-syntax-ns#type,Fayrouz Ressort,Egypt
18509281h,http://www.w3.org/1999/02/22-rdf-syntax-ns#type,Hilton Hurghada Resort,Egypt
18534517h,http://www.w3.org/1999/02/22-rdf-syntax-ns#type,Hilton London Syon Park,United Kingdom
18536h,http://www.w3.org/1999/02/22-rdf-syntax-ns#type,The Shard,United Kingdom
18547h,http://www.w3.org/1999/02/22-rdf-syntax-ns#type,Shanghai Tower,People's Republic of China
18712428h,http://www.w3.org/1999/02/22-rdf-syntax-ns#type,Makkah Clock Royal Tower Hotel,Saudi Arabia
1874734h,http://www.w3.org/1999/02/22-rdf-syntax-ns#type,Hotel International Prague,Czech Republic
18760038h,http://www.w3.org/1999/02/22-rdf-syntax-ns#type,Munkkiniemi education center,Finland
1879918h,http://www.w3.org/1999/02/22-rdf-syntax-ns#type,Löwenburger Hof,Germany
18813051h,http://www.w3.org/1999/02/22-rdf-syntax-ns#type,Hilton Rotterdam,Netherlands
189476h,http://www.w3.org/1999/02/22-rdf-syntax-ns#type,Abraj Al Bait,Saudi Arabia
19307691h,http://www.w3.org/1999/02/22-rdf-syntax-ns#type,Hilton Garden Inn London Heathrow Airport,United Kingdom
19348190h,http://www.w3.org/1999/02/22-rdf-syntax-ns#type,"25, place Dauphine",France
19362430h,http://www.w3.org/1999/02/22-rdf-syntax-ns#type,Gasthof Krone,Switzerland
1943482h,http://www.w3.org/1999/02/22-rdf-syntax-ns#type,Hilton Molino Stucky Venice,Italy
19513101h,http://www.w3.org/1999/02/22-rdf-syntax-ns#type,Hilton Manchester Deansgate,United Kingdom
19564041h,http://www.w3.org/1999/02/22-rdf-syntax-ns#type,Hedemora stadshotell,Sweden
19817552h,http://www.w3.org/1999/02/22-rdf-syntax-ns#type,Delta Toronto Hotel,Canada
19864040h,http://www.w3.org/1999/02/22-rdf-syntax-ns#type,Ambassador Hotel,United States of America
19962146h,http://www.w3.org/1999/02/22-rdf-syntax-ns#type,CloudNo7,Germany
20046383h,http://www.w3.org/1999/02/22-rdf-syntax-ns#type,Hilton Bonn,Germany
20075891h,http://www.w3.org/1999/02/22-rdf-syntax-ns#type,Hilton Kyiv,Ukraine
202599h,http://www.w3.org/1999/02/22-rdf-syntax-ns#type,Stardust Resort and Casino,United States of America
2048307h,http://www.w3.org/1999/02/22-rdf-syntax-ns#type,Palms Casino Resort,United States of America
20650664h,http://www.w3.org/1999/02/22-rdf-syntax-ns#type,La Clef Louvre,France
20828319h,http://www.w3.org/1999/02/22-rdf-syntax-ns#type,Villa Santana,United States of America
20830632h,http://www.w3.org/1999/02/22-rdf-syntax-ns#type,Bluebeard's Castle,United States of America
2110681h,http://www.w3.org/1999/02/22-rdf-syntax-ns#type,Prinzenpalais,Germany
2135814h,http://www.w3.org/1999/02/22-rdf-syntax-ns#type,Hilton Amsterdam,Netherlands
21402642h,http://www.w3.org/1999/02/22-rdf-syntax-ns#type,18 Gramercy Park,United States of America
2141411h,http://www.w3.org/1999/02/22-rdf-syntax-ns#type,Hilton Bandung,Indonesia
21504226h,http://www.w3.org/1999/02/22-rdf-syntax-ns#type,Hilton Birmingham Metropole,United Kingdom
21532003h,http://www.w3.org/1999/02/22-rdf-syntax-ns#type,Radisson Blu Hotel in Bamako,Mali
21568919h,http://www.w3.org/1999/02/22-rdf-syntax-ns#type,Tabacos de Filipinas building,Spain
21619228h,http://www.w3.org/1999/02/22-rdf-syntax-ns#type,Sheraton Guiyang Hotel,People's Republic of China
220141h,http://www.w3.org/1999/02/22-rdf-syntax-ns#type,Waldorf Astoria Berlin,Germany
22073967h,http://www.w3.org/1999/02/22-rdf-syntax-ns#type,Hilton Bournemouth,United Kingdom
22118627h,http://www.w3.org/1999/02/22-rdf-syntax-ns#type,Global Gate,Japan
22583354h,http://www.w3.org/1999/02/22-rdf-syntax-ns#type,Nový Pachtovský palác,Czech Republic
2258969h,http://www.w3.org/1999/02/22-rdf-syntax-ns#type,Eureka Inn,United States of America
2297323h,http://www.w3.org/1999/02/22-rdf-syntax-ns#type,Delano Las Vegas,United States of America
22976715h,http://www.w3.org/1999/02/22-rdf-syntax-ns#type,Hilton Dubai The Walk,United Arab Emirates
22997753h,http://www.w3.org/1999/02/22-rdf-syntax-ns#type,Bay Mills Resort & Casino,United States of America
23265h,http://www.w3.org/1999/02/22-rdf-syntax-ns#type,Hôtel des 3 Collèges,France
23305592h,http://www.w3.org/1999/02/22-rdf-syntax-ns#type,"Kewadin Casino, Hotel and Convention Center",United States of America
2363048h,http://www.w3.org/1999/02/22-rdf-syntax-ns#type,Place Viger,Canada
23640921h,http://www.w3.org/1999/02/22-rdf-syntax-ns#type,Bowen River Hotel,Australia
23646439h,http://www.w3.org/1999/02/22-rdf-syntax-ns#type,"100 Queen's Gate Hotel London, Curio Collection by Hilton",United Kingdom
23685988h,http://www.w3.org/1999/02/22-rdf-syntax-ns#type,DoubleTree by Hilton Hotel Bristol North,United Kingdom
23828028h,http://www.w3.org/1999/02/22-rdf-syntax-ns#type,Edificio Gran Vía 4,Spain
23907594h,http://www.w3.org/1999/02/22-rdf-syntax-ns#type,CAAC Tower,People's Republic of China
23907601h,http://www.w3.org/1999/02/22-rdf-syntax-ns#type,The London NYC,United States of America
2398831h,http://www.w3.org/1999/02/22-rdf-syntax-ns#type,Teatro Eden,Portugal
24054070h,http://www.w3.org/1999/02/22-rdf-syntax-ns#type,Hilton Cambridge City Centre,United Kingdom
240711h,http://www.w3.org/1999/02/22-rdf-syntax-ns#type,Hotel Chelsea,United States of America
2416198h,http://www.w3.org/1999/02/22-rdf-syntax-ns#type,MGM Grand Detroit,United States of America
24241038h,http://www.w3.org/1999/02/22-rdf-syntax-ns#type,Cambridge Hotel,United Kingdom
2461831h,http://www.w3.org/1999/02/22-rdf-syntax-ns#type,Las Vegas Plaza,United States of America
24693404h,http://www.w3.org/1999/02/22-rdf-syntax-ns#type,Bangor House,United States of America
24708167h,http://www.w3.org/1999/02/22-rdf-syntax-ns#type,"Dominican monastery in Malá Strana, Prague",Czech Republic
24971211h,http://www.w3.org/1999/02/22-rdf-syntax-ns#type,El Reno Hotel,United States of America
25007h,http://www.w3.org/1999/02/22-rdf-syntax-ns#type,Bellagio Hotel & Casino,United States of America
25204442h,http://www.w3.org/1999/02/22-rdf-syntax-ns#type,Hilton Zurich Airport,Switzerland
2523683h,http://www.w3.org/1999/02/22-rdf-syntax-ns#type,Château d'Artigny,France
25247913h,http://www.w3.org/1999/02/22-rdf-syntax-ns#type,Commercial Hotel,United States of America
2567200h,http://www.w3.org/1999/02/22-rdf-syntax-ns#type,The Whittier,United States of America
2579998h,http://www.w3.org/1999/02/22-rdf-syntax-ns#type,Castle of Óbidos,Portugal
26237391h,http://www.w3.org/1999/02/22-rdf-syntax-ns#type,Conrad Tokyo,Japan
26242212h,http://www.w3.org/1999/02/22-rdf-syntax-ns#type,Hilton Garden Inn Sunderland,United Kingdom
26306764h,http://www.w3.org/1999/02/22-rdf-syntax-ns#type,The Mytton and Mermaid Hotel,United Kingdom
2631856h,http://www.w3.org/1999/02/22-rdf-syntax-ns#type,520 West 41st Street,United States of America
26398842h,http://www.w3.org/1999/02/22-rdf-syntax-ns#type,The Old Hall Hotel,United Kingdom
264203h,http://www.w3.org/1999/02/22-rdf-syntax-ns#type,Vegas World,United States of America
26463120h,http://www.w3.org/1999/02/22-rdf-syntax-ns#type,13 Market End,United Kingdom
2648096h,http://www.w3.org/1999/02/22-rdf-syntax-ns#type,W San Francisco,United States of America
26483035h,http://www.w3.org/1999/02/22-rdf-syntax-ns#type,"14 and 15, Warwick Road",United Kingdom
264858h,http://www.w3.org/1999/02/22-rdf-syntax-ns#type,M Resort,United States of America
26537718h,http://www.w3.org/1999/02/22-rdf-syntax-ns#type,Dove Nest,United Kingdom
26546731h,http://www.w3.org/1999/02/22-rdf-syntax-ns#type,Mosborough Hall,United Kingdom
26609450h,http://www.w3.org/1999/02/22-rdf-syntax-ns#type,Crosby Lodge,United Kingdom
26617946h,http://www.w3.org/1999/02/22-rdf-syntax-ns#type,Kenwith Castle,United Kingdom
26684094h,http://www.w3.org/1999/02/22-rdf-syntax-ns#type,"12 and 13, Warwick Road",United Kingdom
26685058h,http://www.w3.org/1999/02/22-rdf-syntax-ns#type,15 Market End,United Kingdom
26700322h,http://www.w3.org/1999/02/22-rdf-syntax-ns#type,Hotel Omni Mont-Royal,Canada
26707727h,http://www.w3.org/1999/02/22-rdf-syntax-ns#type,Hotel Santo Mauro,Spain
26723836h,http://www.w3.org/1999/02/22-rdf-syntax-ns#type,De Gamlas Hem,Finland
26734729h,http://www.w3.org/1999/02/22-rdf-syntax-ns#type,Conrad Istanbul Bosphorus,Turkey
26878946h,http://www.w3.org/1999/02/22-rdf-syntax-ns#type,Hilton Sukhumvit Bangkok,Thailand
26902701h,http://www.w3.org/1999/02/22-rdf-syntax-ns#type,Hilton Helsinki Kalastajatorppa,Finland
26960663h,http://www.w3.org/1999/02/22-rdf-syntax-ns#type,Hampton by Hilton Bournemouth,United Kingdom
27456363h,http://www.w3.org/1999/02/22-rdf-syntax-ns#type,DoubleTree by Hilton Gurugram Baani Square,India
2748565h,http://www.w3.org/1999/02/22-rdf-syntax-ns#type,Claridge's,United Kingdom
27825013h,http://www.w3.org/1999/02/22-rdf-syntax-ns#type,Hilton Frankfurt City Centre,Germany
27826630h,http://www.w3.org/1999/02/22-rdf-syntax-ns#type,DoubleTree by Hilton Hotel Cairns,Australia
278380h,http://www.w3.org/1999/02/22-rdf-syntax-ns#type,The Drew Las Vegas,United States of America
27962079h,http://www.w3.org/1999/02/22-rdf-syntax-ns#type,Ausonia Palace Hotel,Italy
27981667h,http://www.w3.org/1999/02/22-rdf-syntax-ns#type,Hilton Garden Inn Dubai Mall of the Emirates,United Arab Emirates
280339h,http://www.w3.org/1999/02/22-rdf-syntax-ns#type,Tropicana Las Vegas,United States of America
28053246h,http://www.w3.org/1999/02/22-rdf-syntax-ns#type,Hilton Auckland,New Zealand
280910h,http://www.w3.org/1999/02/22-rdf-syntax-ns#type,Vdara,United States of America
28184307h,http://www.w3.org/1999/02/22-rdf-syntax-ns#type,Royal Mail Hotel,Australia
28184310h,http://www.w3.org/1999/02/22-rdf-syntax-ns#type,Noccundra Hotel,Australia
28192892h,http://www.w3.org/1999/02/22-rdf-syntax-ns#type,Waldorf Astoria Beijing,People's Republic of China
28214174h,http://www.w3.org/1999/02/22-rdf-syntax-ns#type,Hampton by Hilton Newcastle,United Kingdom
2837946h,http://www.w3.org/1999/02/22-rdf-syntax-ns#type,Allerton Hotel,United States of America
28456180h,http://www.w3.org/1999/02/22-rdf-syntax-ns#type,Makkah Millennium Hotel,Saudi Arabia
28609672h,http://www.w3.org/1999/02/22-rdf-syntax-ns#type,DoubleTree by Hilton Hotel Coventry,United Kingdom
28662736h,http://www.w3.org/1999/02/22-rdf-syntax-ns#type,"Gran Vía 22, Madrid",Spain
28675210h,http://www.w3.org/1999/02/22-rdf-syntax-ns#type,Castle mill in Toruń,Poland
28675745h,http://www.w3.org/1999/02/22-rdf-syntax-ns#type,15/17 Mostowa Street in Toruń,Poland
28680070h,http://www.w3.org/1999/02/22-rdf-syntax-ns#type,Sanatório das Penhas da Saúde,Portugal
28746397h,http://www.w3.org/1999/02/22-rdf-syntax-ns#type,Hotel NH Paseo del Prado,Spain
28755991h,http://www.w3.org/1999/02/22-rdf-syntax-ns#type,Hotel Catalonia Atocha,Spain
28756542h,http://www.w3.org/1999/02/22-rdf-syntax-ns#type,Palacio Oriol,Spain
28756862h,http://www.w3.org/1999/02/22-rdf-syntax-ns#type,Hotel Catalonia Gran Vía,Spain
28757120h,http://www.w3.org/1999/02/22-rdf-syntax-ns#type,Gran Vía 18,Spain
28757959h,http://www.w3.org/1999/02/22-rdf-syntax-ns#type,Hotel Senator Gran Vía,Spain
28757977h,http://www.w3.org/1999/02/22-rdf-syntax-ns#type,Hotel Tryp Cibeles,Spain
28769024h,http://www.w3.org/1999/02/22-rdf-syntax-ns#type,Hotel Gran Vía,Spain
28777988h,http://www.w3.org/1999/02/22-rdf-syntax-ns#type,DoubleTree by Hilton Hotel Aberdeen Treetops,United Kingdom
28844857h,http://www.w3.org/1999/02/22-rdf-syntax-ns#type,El Palace Hotel Barcelona,Spain
2899830h,http://www.w3.org/1999/02/22-rdf-syntax-ns#type,Hilton The Hague,Netherlands
29000794h,http://www.w3.org/1999/02/22-rdf-syntax-ns#type,DoubleTree by Hilton Hotel Darwin,Australia
29007102h,http://www.w3.org/1999/02/22-rdf-syntax-ns#type,Papelera Española building,Spain
2902501h,http://www.w3.org/1999/02/22-rdf-syntax-ns#type,Palatin Hotel Tel Aviv,Israel
29053655h,http://www.w3.org/1999/02/22-rdf-syntax-ns#type,Hilton Paris Charles de Gaulle Airport,France
29053691h,http://www.w3.org/1999/02/22-rdf-syntax-ns#type,Hilton Coylumbridge,United Kingdom
2905596h,http://www.w3.org/1999/02/22-rdf-syntax-ns#type,The Blackstone Hotel,United States of America
2908788h,http://www.w3.org/1999/02/22-rdf-syntax-ns#type,Leonardo City Tower Hotel,Israel
2912992h,http://www.w3.org/1999/02/22-rdf-syntax-ns#type,The Harmon,United States of America
2928530h,http://www.w3.org/1999/02/22-rdf-syntax-ns#type,Cadillac Hotel,United States of America
2935180h,http://www.w3.org/1999/02/22-rdf-syntax-ns#type,Camlin Hotel,United States of America
29415039h,http://www.w3.org/1999/02/22-rdf-syntax-ns#type,Hotel Alay,Spain
2961297h,http://www.w3.org/1999/02/22-rdf-syntax-ns#type,Chartreuse du Reposoir,France
2971063h,http://www.w3.org/1999/02/22-rdf-syntax-ns#type,Taagepera Castle,Estonia
29909111h,http://www.w3.org/1999/02/22-rdf-syntax-ns#type,Hotel Alfonso X El Sabio,Spain
2992084h,http://www.w3.org/1999/02/22-rdf-syntax-ns#type,Hilton Paris Opera,France
29948012h,http://www.w3.org/1999/02/22-rdf-syntax-ns#type,DoubleTree by Hilton Hotel Edinburgh Airport,United Kingdom
29981099h,http://www.w3.org/1999/02/22-rdf-syntax-ns#type,Conrad Bali,Indonesia
30014678h,http://www.w3.org/1999/02/22-rdf-syntax-ns#type,DoubleTree by Hilton Hotel Istanbul - Old Town,Turkey
30021076h,http://www.w3.org/1999/02/22-rdf-syntax-ns#type,Hilton Cologne,Germany
30021879h,http://www.w3.org/1999/02/22-rdf-syntax-ns#type,DoubleTree by Hilton London Heathrow Airport,United Kingdom
30035305h,http://www.w3.org/1999/02/22-rdf-syntax-ns#type,Hilton Saint Petersburg ExpoForum,Russia
30047899h,http://www.w3.org/1999/02/22-rdf-syntax-ns#type,Hilton Garden Inn Stuttgart NeckarPark,Germany
30090585h,http://www.w3.org/1999/02/22-rdf-syntax-ns#type,Conrad Makkah,Saudi Arabia
30097763h,http://www.w3.org/1999/02/22-rdf-syntax-ns#type,"The Westminster London, Curio Collection by Hilton",United Kingdom
30097821h,http://www.w3.org/1999/02/22-rdf-syntax-ns#type,Conrad Beijing,People's Republic of China
30139243h,http://www.w3.org/1999/02/22-rdf-syntax-ns#type,Hilton Prague Old Town,Czech Republic
30140581h,http://www.w3.org/1999/02/22-rdf-syntax-ns#type,DoubleTree by Hilton Hotel Oradea,Romania
30147522h,http://www.w3.org/1999/02/22-rdf-syntax-ns#type,Hilton Dubai Jumeirah,United Arab Emirates
30174421h,http://www.w3.org/1999/02/22-rdf-syntax-ns#type,Hilton Colombo Residences,Sri Lanka
30242708h,http://www.w3.org/1999/02/22-rdf-syntax-ns#type,DoubleTree by Hilton Hotel Avanos - Cappadocia,Turkey
30251296h,http://www.w3.org/1999/02/22-rdf-syntax-ns#type,Hilton Garden Inn Matera,Italy
30301927h,http://www.w3.org/1999/02/22-rdf-syntax-ns#type,Hampton by Hilton Bristol City Centre,United Kingdom
30302746h,http://www.w3.org/1999/02/22-rdf-syntax-ns#type,Hilton Brussels City,Belgium
30306779h,http://www.w3.org/1999/02/22-rdf-syntax-ns#type,Hilton Adelaide,Australia
30307361h,http://www.w3.org/1999/02/22-rdf-syntax-ns#type,Hilton Hurghada Plaza,Egypt
30308807h,http://www.w3.org/1999/02/22-rdf-syntax-ns#type,Hilton Alexandria King's Ranch,Egypt
30337433h,http://www.w3.org/1999/02/22-rdf-syntax-ns#type,Hilton Garden Inn Volgograd,Russia
30346525h,http://www.w3.org/1999/02/22-rdf-syntax-ns#type,Hilton Edinburgh Grosvenor,United Kingdom
30347445h,http://www.w3.org/1999/02/22-rdf-syntax-ns#type,DoubleTree by Hilton Hotel Milan,Italy
3037053h,http://www.w3.org/1999/02/22-rdf-syntax-ns#type,Hilton Athens,Greece
30402016h,http://www.w3.org/1999/02/22-rdf-syntax-ns#type,Hilton Belfast,United Kingdom
30407987h,http://www.w3.org/1999/02/22-rdf-syntax-ns#type,DoubleTree by Hilton Hotel Wroclaw,Poland
30409284h,http://www.w3.org/1999/02/22-rdf-syntax-ns#type,Hilton Vienna Park,Austria
30438998h,http://www.w3.org/1999/02/22-rdf-syntax-ns#type,Hilton Dusseldorf,Germany
30504052h,http://www.w3.org/1999/02/22-rdf-syntax-ns#type,DoubleTree by Hilton Hotel London - Marble Arch,United Kingdom
30504754h,http://www.w3.org/1999/02/22-rdf-syntax-ns#type,Hilton Nottingham,United Kingdom
30522857h,http://www.w3.org/1999/02/22-rdf-syntax-ns#type,Hilton Brussels Grand Place,Belgium
306000h,http://www.w3.org/1999/02/22-rdf-syntax-ns#type,Abbasi Hotel,Iran
30644484h,http://www.w3.org/1999/02/22-rdf-syntax-ns#type,Hotel Manger,United States of America
30736107h,http://www.w3.org/1999/02/22-rdf-syntax-ns#type,Hilton Imperial Dubrovnik,Croatia
30927563h,http://www.w3.org/1999/02/22-rdf-syntax-ns#type,Koriyama View Hotel Annex,Japan
31277862h,http://www.w3.org/1999/02/22-rdf-syntax-ns#type,Hilton Tallinn Park,Estonia
3142395h,http://www.w3.org/1999/02/22-rdf-syntax-ns#type,Hyatt Regency Paris Etoile,France
3153055h,http://www.w3.org/1999/02/22-rdf-syntax-ns#type,InterContinental San Francisco,United States of America
31827676h,http://www.w3.org/1999/02/22-rdf-syntax-ns#type,U zlatého anděla,Czech Republic
31827738h,http://www.w3.org/1999/02/22-rdf-syntax-ns#type,U Medvídků,Czech Republic
3185653h,http://www.w3.org/1999/02/22-rdf-syntax-ns#type,Joseph Smith Memorial Building,United States of America
31861463h,http://www.w3.org/1999/02/22-rdf-syntax-ns#type,"Krajinská 41, Zátkův dům",Czech Republic
3192583h,http://www.w3.org/1999/02/22-rdf-syntax-ns#type,Kanayama Minami Building,Japan
3278286h,http://www.w3.org/1999/02/22-rdf-syntax-ns#type,Main Street Station Hotel and Casino and Brewery,United States of America
3281025h,http://www.w3.org/1999/02/22-rdf-syntax-ns#type,APA Hotel & Resort Tokyo Bay Makuhari,Japan
32947262h,http://www.w3.org/1999/02/22-rdf-syntax-ns#type,Hilton Garden Inn New Delhi/Saket,India
33035435h,http://www.w3.org/1999/02/22-rdf-syntax-ns#type,DoubleTree by Hilton Hotel Istanbul - Moda,Turkey
33101471h,http://www.w3.org/1999/02/22-rdf-syntax-ns#type,DoubleTree by Hilton Hotel Cluj - City Plaza,Romania
33189243h,http://www.w3.org/1999/02/22-rdf-syntax-ns#type,Feuerschiff,Germany
33229354h,http://www.w3.org/1999/02/22-rdf-syntax-ns#type,Hilton London Croydon,United Kingdom
33382454h,http://www.w3.org/1999/02/22-rdf-syntax-ns#type,DoubleTree by Hilton Hotel Melbourne - Flinders Street,Australia
3356472h,http://www.w3.org/1999/02/22-rdf-syntax-ns#type,The Orleans,United States of America
3359202h,http://www.w3.org/1999/02/22-rdf-syntax-ns#type,Wyndham Grand İzmir Özdilek,Turkey
3389734h,http://www.w3.org/1999/02/22-rdf-syntax-ns#type,Place Bonaventure,Canada
3414568h,http://www.w3.org/1999/02/22-rdf-syntax-ns#type,Quinta das Lágrimas,Portugal
34204337h,http://www.w3.org/1999/02/22-rdf-syntax-ns#type,Waldorf Astoria Dubai Palm Jumeirah,United Arab Emirates
3471438h,http://www.w3.org/1999/02/22-rdf-syntax-ns#type,San Francisco Marriott Marquis,United States of America
3482309h,http://www.w3.org/1999/02/22-rdf-syntax-ns#type,Shiodome Media Tower,Japan
3498798h,http://www.w3.org/1999/02/22-rdf-syntax-ns#type,Hilton San Francisco Union Square,United States of America
3533060h,http://www.w3.org/1999/02/22-rdf-syntax-ns#type,Tour Duo,France
3545225h,http://www.w3.org/1999/02/22-rdf-syntax-ns#type,"Sam's Town Hotel and Gambling Hall, Las Vegas",United States of America
3699364h,http://www.w3.org/1999/02/22-rdf-syntax-ns#type,Culver Hotel,United States of America
37857517h,http://www.w3.org/1999/02/22-rdf-syntax-ns#type,Hampton by Hilton Birmingham Jewellery Quarter,United Kingdom
37858337h,http://www.w3.org/1999/02/22-rdf-syntax-ns#type,Hampton by Hilton Glasgow Central,United Kingdom
37858682h,http://www.w3.org/1999/02/22-rdf-syntax-ns#type,DoubleTree by Hilton Hotel Leeds City Centre,United Kingdom
38251391h,http://www.w3.org/1999/02/22-rdf-syntax-ns#type,3 V Tourist Court,United States of America
38251968h,http://www.w3.org/1999/02/22-rdf-syntax-ns#type,Bonneville Hotel,United States of America
40037779h,http://www.w3.org/1999/02/22-rdf-syntax-ns#type,Dämman,Sweden
4040675h,http://www.w3.org/1999/02/22-rdf-syntax-ns#type,Hilton Prague,Czech Republic
41069183h,http://www.w3.org/1999/02/22-rdf-syntax-ns#type,Hilton Amsterdam Airport Schiphol,Netherlands
41300192h,http://www.w3.org/1999/02/22-rdf-syntax-ns#type,Hilton Pyramids Golf,Egypt
42341625h,http://www.w3.org/1999/02/22-rdf-syntax-ns#type,DoubleTree by Hilton Hotel London - Hyde Park,United Kingdom
4260261h,http://www.w3.org/1999/02/22-rdf-syntax-ns#type,Price Tower,United States of America
4261094h,http://www.w3.org/1999/02/22-rdf-syntax-ns#type,Downtown Grand Hotel & Casino,United States of America
4261374h,http://www.w3.org/1999/02/22-rdf-syntax-ns#type,Suncoast Hotel and Casino,United States of America
4261384h,http://www.w3.org/1999/02/22-rdf-syntax-ns#type,Las Vegas Club,United States of America
4261513h,http://www.w3.org/1999/02/22-rdf-syntax-ns#type,Grand Central Hotel,United States of America
4272608h,http://www.w3.org/1999/02/22-rdf-syntax-ns#type,Fairmont San Francisco,United States of America
4272804h,http://www.w3.org/1999/02/22-rdf-syntax-ns#type,Breakers Hotel,United States of America
42748124h,http://www.w3.org/1999/02/22-rdf-syntax-ns#type,Shah Abbasi Caravanserai of Abuzeydabad,Iran
42867978h,http://www.w3.org/1999/02/22-rdf-syntax-ns#type,Tehrani House (Yazd),Iran
42874514h,http://www.w3.org/1999/02/22-rdf-syntax-ns#type,Golshan House (Yazd),Iran
43031921h,http://www.w3.org/1999/02/22-rdf-syntax-ns#type,Corona Hotel in Baia Sprie,Romania
43371249h,http://www.w3.org/1999/02/22-rdf-syntax-ns#type,Brooks Hotel,United States of America
4385582h,http://www.w3.org/1999/02/22-rdf-syntax-ns#type,Page-Walker Hotel,United States of America
44406603h,http://www.w3.org/1999/02/22-rdf-syntax-ns#type,Hampshire House,United States of America
4448816h,http://www.w3.org/1999/02/22-rdf-syntax-ns#type,Tsukuba Center Building,Japan
4479814h,http://www.w3.org/1999/02/22-rdf-syntax-ns#type,West Baden Springs Hotel,United States of America
45316350h,http://www.w3.org/1999/02/22-rdf-syntax-ns#type,DoubleTree by Hilton Hotel Edinburgh City Centre,United Kingdom
4596016h,http://www.w3.org/1999/02/22-rdf-syntax-ns#type,1 Snow Hill Plaza,United Kingdom
47004857h,http://www.w3.org/1999/02/22-rdf-syntax-ns#type,Brandt Hotel,United States of America
47166648h,http://www.w3.org/1999/02/22-rdf-syntax-ns#type,Palau Benet-Desvilar,Spain
4725573h,http://www.w3.org/1999/02/22-rdf-syntax-ns#type,Aliante Casino and Hotel,United States of America
47401774h,http://www.w3.org/1999/02/22-rdf-syntax-ns#type,Conrad Bora Bora Nui,France
47518776h,http://www.w3.org/1999/02/22-rdf-syntax-ns#type,Millennium Hilton Bangkok,Thailand
47902573h,http://www.w3.org/1999/02/22-rdf-syntax-ns#type,Schloss Kölzow,Germany
4791273h,http://www.w3.org/1999/02/22-rdf-syntax-ns#type,Arizona Charlie's Boulder,United States of America
4792351h,http://www.w3.org/1999/02/22-rdf-syntax-ns#type,Arlington Hotel,United States of America
4793581h,http://www.w3.org/1999/02/22-rdf-syntax-ns#type,Arminius Hotel,United States of America
4806513h,http://www.w3.org/1999/02/22-rdf-syntax-ns#type,Hilton Istanbul Bosphorus,Turkey
4822225h,http://www.w3.org/1999/02/22-rdf-syntax-ns#type,Hilton Izmir,Turkey
4841991h,http://www.w3.org/1999/02/22-rdf-syntax-ns#type,Baglioni Hotel,United Kingdom
4842213h,http://www.w3.org/1999/02/22-rdf-syntax-ns#type,Baha Mar,The Bahamas
48843972h,http://www.w3.org/1999/02/22-rdf-syntax-ns#type,Booth Hotel,United States of America
49393251h,http://www.w3.org/1999/02/22-rdf-syntax-ns#type,DoubleTree by Hilton Hotel Kuala Lumpur,Malaysia
4949600h,http://www.w3.org/1999/02/22-rdf-syntax-ns#type,Boulder Station,United States of America
49573628h,http://www.w3.org/1999/02/22-rdf-syntax-ns#type,Hilton Cabo Verde Sal Resort,Cape Verde
49593283h,http://www.w3.org/1999/02/22-rdf-syntax-ns#type,Breite Straße 19,Germany
49593839h,http://www.w3.org/1999/02/22-rdf-syntax-ns#type,Friedrichplatz 8,Germany
49594143h,http://www.w3.org/1999/02/22-rdf-syntax-ns#type,Kurstraße 6,Germany
49595033h,http://www.w3.org/1999/02/22-rdf-syntax-ns#type,Schloßstraße 5,Germany
4979998h,http://www.w3.org/1999/02/22-rdf-syntax-ns#type,Bryan Building,United States of America
49807274h,http://www.w3.org/1999/02/22-rdf-syntax-ns#type,Hilton London Bankside,United Kingdom
4985118h,http://www.w3.org/1999/02/22-rdf-syntax-ns#type,Texas Station,United States of America
4993716h,http://www.w3.org/1999/02/22-rdf-syntax-ns#type,Castle of Alvito,Portugal
4999251h,http://www.w3.org/1999/02/22-rdf-syntax-ns#type,Burlington Hotel,United States of America
50308536h,http://www.w3.org/1999/02/22-rdf-syntax-ns#type,DoubleTree by Hilton Hotel Dubai - Jumeirah Beach,United Arab Emirates
50353048h,http://www.w3.org/1999/02/22-rdf-syntax-ns#type,Hilton Istanbul Bomonti Hotel & Conference Center,Turkey
50356312h,http://www.w3.org/1999/02/22-rdf-syntax-ns#type,Hotel Palace of Valencia,Spain
5049621h,http://www.w3.org/1999/02/22-rdf-syntax-ns#type,Castaways Hotel and Casino,United States of America
5049734h,http://www.w3.org/1999/02/22-rdf-syntax-ns#type,Castle of Alcácer do Sal,Portugal
5049843h,http://www.w3.org/1999/02/22-rdf-syntax-ns#type,Castle of Vila Nova de Cerveira,Portugal
50611971h,http://www.w3.org/1999/02/22-rdf-syntax-ns#type,Hampton by Hilton London Gatwick Airport,United Kingdom
5061223h,http://www.w3.org/1999/02/22-rdf-syntax-ns#type,Central House Hotel,United States of America
5065298h,http://www.w3.org/1999/02/22-rdf-syntax-ns#type,Cerulean Tower,Japan
50809149h,http://www.w3.org/1999/02/22-rdf-syntax-ns#type,Hilton Astana,Kazakhstan
50841764h,http://www.w3.org/1999/02/22-rdf-syntax-ns#type,Hilton York,United Kingdom
510121h,http://www.w3.org/1999/02/22-rdf-syntax-ns#type,Schlosshotel Kronberg,Germany
51025456h,http://www.w3.org/1999/02/22-rdf-syntax-ns#type,Hilton Garden Inn Florence Novoli,Italy
5120095h,http://www.w3.org/1999/02/22-rdf-syntax-ns#type,Cimarron Hotel,United States of America
51222702h,http://www.w3.org/1999/02/22-rdf-syntax-ns#type,H10 Berlin Ku'damm,Germany
5179785h,http://www.w3.org/1999/02/22-rdf-syntax-ns#type,Coworth House,United Kingdom
51824364h,http://www.w3.org/1999/02/22-rdf-syntax-ns#type,Hilton London Kensington,United Kingdom
5189543h,http://www.w3.org/1999/02/22-rdf-syntax-ns#type,Crowne Plaza Times Square,United States of America
51918515h,http://www.w3.org/1999/02/22-rdf-syntax-ns#type,Hilton Cairns,Australia
51956193h,http://www.w3.org/1999/02/22-rdf-syntax-ns#type,Fort Piqua Plaza,United States of America
5230243h,http://www.w3.org/1999/02/22-rdf-syntax-ns#type,Davenport Hotel,United States of America
52886668h,http://www.w3.org/1999/02/22-rdf-syntax-ns#type,"Rome Cavalieri, A Waldorf Astoria Hotel",Italy
5302326h,http://www.w3.org/1999/02/22-rdf-syntax-ns#type,Dousman Hotel,United States of America
5330926h,http://www.w3.org/1999/02/22-rdf-syntax-ns#type,Eastside Cannery,United States of America
5351073h,http://www.w3.org/1999/02/22-rdf-syntax-ns#type,El Cortez,United States of America
53632218h,http://www.w3.org/1999/02/22-rdf-syntax-ns#type,DoubleTree by Hilton Hotel London ExCel,United Kingdom
53806946h,http://www.w3.org/1999/02/22-rdf-syntax-ns#type,Convento do Salvador,Portugal
53881282h,http://www.w3.org/1999/02/22-rdf-syntax-ns#type,Palacete do Chafariz d'El-Rei,Portugal
53999203h,http://www.w3.org/1999/02/22-rdf-syntax-ns#type,Hilton Niseko Village,Japan
5430586h,http://www.w3.org/1999/02/22-rdf-syntax-ns#type,Hilton Cairo Heliopolis,Egypt
54427554h,http://www.w3.org/1999/02/22-rdf-syntax-ns#type,Dalmatia Tower,Croatia
54474974h,http://www.w3.org/1999/02/22-rdf-syntax-ns#type,Companhia de Moagens Harmonia,Portugal
54475112h,http://www.w3.org/1999/02/22-rdf-syntax-ns#type,Quinta da Pacheca,Portugal
54475217h,http://www.w3.org/1999/02/22-rdf-syntax-ns#type,NH Collection Porto Batalha,Portugal
54475224h,http://www.w3.org/1999/02/22-rdf-syntax-ns#type,Moov Hotel Porto Centro,Portugal
546221h,http://www.w3.org/1999/02/22-rdf-syntax-ns#type,Trump International Hotel and Tower,United States of America
54652699h,http://www.w3.org/1999/02/22-rdf-syntax-ns#type,DoubleTree Resort by Hilton Penang,Malaysia
5472026h,http://www.w3.org/1999/02/22-rdf-syntax-ns#type,Fort Shelby Hotel,United States of America
5472556h,http://www.w3.org/1999/02/22-rdf-syntax-ns#type,Forte de São Sebastião,Portugal
5475490h,http://www.w3.org/1999/02/22-rdf-syntax-ns#type,"Four Seasons Hotel building, San Francisco",United States of America
5475499h,http://www.w3.org/1999/02/22-rdf-syntax-ns#type,Four Seasons Hotel Chicago,United States of America
54873914h,http://www.w3.org/1999/02/22-rdf-syntax-ns#type,Clarke Hotel,United States of America
550379h,http://www.w3.org/1999/02/22-rdf-syntax-ns#type,Conrad Dubai,United Arab Emirates
55075422h,http://www.w3.org/1999/02/22-rdf-syntax-ns#type,Hippee Building,United States of America
55185046h,http://www.w3.org/1999/02/22-rdf-syntax-ns#type,Sint-Antonius van Paduakerk,Netherlands
55209416h,http://www.w3.org/1999/02/22-rdf-syntax-ns#type,Harper House,United States of America
55346142h,http://www.w3.org/1999/02/22-rdf-syntax-ns#type,Convent of the Capuchinos,Spain
55347999h,http://www.w3.org/1999/02/22-rdf-syntax-ns#type,Hilton Barcelona,Spain
5545989h,http://www.w3.org/1999/02/22-rdf-syntax-ns#type,George Washington House,United States of America
55605106h,http://www.w3.org/1999/02/22-rdf-syntax-ns#type,Beaumont Hotel,United States of America
55865629h,http://www.w3.org/1999/02/22-rdf-syntax-ns#type,Hampton by Hilton Liverpool City Centre,United Kingdom
5594050h,http://www.w3.org/1999/02/22-rdf-syntax-ns#type,Hotel Gran Meliá Don Pepe,Spain
5594662h,http://www.w3.org/1999/02/22-rdf-syntax-ns#type,Grand Hyatt San Francisco,United States of America
5594866h,http://www.w3.org/1999/02/22-rdf-syntax-ns#type,"Grand Palace Hotel, New Orleans",United States of America
5595660h,http://www.w3.org/1999/02/22-rdf-syntax-ns#type,Brampton Grange,United Kingdom
5602124h,http://www.w3.org/1999/02/22-rdf-syntax-ns#type,Greektown Casino Hotel,United States of America
56027180h,http://www.w3.org/1999/02/22-rdf-syntax-ns#type,former station for biology Plön,Germany
56071855h,http://www.w3.org/1999/02/22-rdf-syntax-ns#type,DoubleTree by Hilton Hotel & Spa Liverpool,United Kingdom
56084920h,http://www.w3.org/1999/02/22-rdf-syntax-ns#type,Clayton Crown Hotel,United Kingdom
56085005h,http://www.w3.org/1999/02/22-rdf-syntax-ns#type,Clayton Hotel Chiswick,United Kingdom
56085020h,http://www.w3.org/1999/02/22-rdf-syntax-ns#type,Clayton Hotel Leeds,United Kingdom
56085053h,http://www.w3.org/1999/02/22-rdf-syntax-ns#type,Clayton Hotel Birmingham,United Kingdom
56085075h,http://www.w3.org/1999/02/22-rdf-syntax-ns#type,Clayton Hotel Belfast,United Kingdom
56150916h,http://www.w3.org/1999/02/22-rdf-syntax-ns#type,Clayton Hotel Cardiff,United Kingdom
56194854h,http://www.w3.org/1999/02/22-rdf-syntax-ns#type,Hilton Garden Inn Orenburg,Russia
56214797h,http://www.w3.org/1999/02/22-rdf-syntax-ns#type,Hilton Garden Inn Novorossiysk,Russia
5637110h,http://www.w3.org/1999/02/22-rdf-syntax-ns#type,Hacienda,United States of America
56446735h,http://www.w3.org/1999/02/22-rdf-syntax-ns#type,Hilton Beijing Capital Airport,People's Republic of China
5646336h,http://www.w3.org/1999/02/22-rdf-syntax-ns#type,Hampton by Hilton Liverpool/John Lennon Airport,United Kingdom
56478942h,http://www.w3.org/1999/02/22-rdf-syntax-ns#type,Hilton Kuwait Resort,Kuwait
56522910h,http://www.w3.org/1999/02/22-rdf-syntax-ns#type,"Grand Hotel des Sablettes Plage, Curio Collection by Hilton",France
56598554h,http://www.w3.org/1999/02/22-rdf-syntax-ns#type,Canopy by Hilton Reykjavik City Centre,Iceland
56705491h,http://www.w3.org/1999/02/22-rdf-syntax-ns#type,"former Hotel Castilla, Toledo",Spain
56711100h,http://www.w3.org/1999/02/22-rdf-syntax-ns#type,Edifício A Tarde,Brazil
56827407h,http://www.w3.org/1999/02/22-rdf-syntax-ns#type,Hilton Garden Inn Puchong,Malaysia
5683588h,http://www.w3.org/1999/02/22-rdf-syntax-ns#type,Malek al-Tojar House (Yazd),Iran
569978h,http://www.w3.org/1999/02/22-rdf-syntax-ns#type,Caesars Palace,United States of America
5705250h,http://www.w3.org/1999/02/22-rdf-syntax-ns#type,Guged Caravanserai,Iran
5710559h,http://www.w3.org/1999/02/22-rdf-syntax-ns#type,Paasitorni,Finland
57297679h,http://www.w3.org/1999/02/22-rdf-syntax-ns#type,"Gran Vía 74, Madrid",Spain
57385878h,http://www.w3.org/1999/02/22-rdf-syntax-ns#type,Hampton by Hilton London Luton Airport,United Kingdom
57613527h,http://www.w3.org/1999/02/22-rdf-syntax-ns#type,Palazzo Montemartini,Italy
5764519h,http://www.w3.org/1999/02/22-rdf-syntax-ns#type,Hilton Chennai,India
5764570h,http://www.w3.org/1999/02/22-rdf-syntax-ns#type,Hilton Glasgow,United Kingdom
5764576h,http://www.w3.org/1999/02/22-rdf-syntax-ns#type,Hilton Hanoi Opera,Vietnam
5764637h,http://www.w3.org/1999/02/22-rdf-syntax-ns#type,Hilton Liverpool City Centre,United Kingdom
5764648h,http://www.w3.org/1999/02/22-rdf-syntax-ns#type,Hilton London Metropole,United Kingdom
5764652h,http://www.w3.org/1999/02/22-rdf-syntax-ns#type,DoubleTree by Hilton Hotel Luxembourg,Luxembourg
5764716h,http://www.w3.org/1999/02/22-rdf-syntax-ns#type,Safir Sharm Waterfalls Resort,Egypt
5764722h,http://www.w3.org/1999/02/22-rdf-syntax-ns#type,Hilton Singapore,Singapore
57739907h,http://www.w3.org/1999/02/22-rdf-syntax-ns#type,Conrad Xiamen,People's Republic of China
5785660h,http://www.w3.org/1999/02/22-rdf-syntax-ns#type,Convento Dominico de Nuestra Señora de la Consolación,Spain
58069409h,http://www.w3.org/1999/02/22-rdf-syntax-ns#type,Hampton by Hilton Samara,Russia
58086658h,http://www.w3.org/1999/02/22-rdf-syntax-ns#type,Hilton Garden Inn Ufa Riverside,Russia
58229015h,http://www.w3.org/1999/02/22-rdf-syntax-ns#type,DoubleTree by Hilton Hotel Girona,Spain
587108h,http://www.w3.org/1999/02/22-rdf-syntax-ns#type,Yokohama Landmark Tower,Japan
5872085h,http://www.w3.org/1999/02/22-rdf-syntax-ns#type,Flour factory San José,Spain
5878173h,http://www.w3.org/1999/02/22-rdf-syntax-ns#type,Malekzadeh House (Yazd),Iran
5883194h,http://www.w3.org/1999/02/22-rdf-syntax-ns#type,Qorban Alizadeh House,Iran
5884157h,http://www.w3.org/1999/02/22-rdf-syntax-ns#type,Khoshnevis Mansion,Iran
5885917h,http://www.w3.org/1999/02/22-rdf-syntax-ns#type,Kasra Vafadari House,Iran
5891776h,http://www.w3.org/1999/02/22-rdf-syntax-ns#type,Moshir Garden,Iran
5892374h,http://www.w3.org/1999/02/22-rdf-syntax-ns#type,Moshir Caravanserai,Iran
5894717h,http://www.w3.org/1999/02/22-rdf-syntax-ns#type,Dr. Hojjat House,Iran
5901285h,http://www.w3.org/1999/02/22-rdf-syntax-ns#type,Alafchian House,Iran
5903404h,http://www.w3.org/1999/02/22-rdf-syntax-ns#type,Hotel Málaga Palacio,Spain
5903511h,http://www.w3.org/1999/02/22-rdf-syntax-ns#type,"Hotel de las Letras, Madrid",Spain
5907540h,http://www.w3.org/1999/02/22-rdf-syntax-ns#type,Aminabad Caravanserai,Iran
5908224h,http://www.w3.org/1999/02/22-rdf-syntax-ns#type,Shah Abbasi Caravanserai of Bisotun,Iran
5911169h,http://www.w3.org/1999/02/22-rdf-syntax-ns#type,Hotel Alder,United States of America
5911415h,http://www.w3.org/1999/02/22-rdf-syntax-ns#type,Hilton Podgorica Crna Gora,Montenegro
5912133h,http://www.w3.org/1999/02/22-rdf-syntax-ns#type,"Hagia Sofia Mansions Istanbul, Curio Collection by Hilton",Turkey
59131992h,http://www.w3.org/1999/02/22-rdf-syntax-ns#type,DoubleTree by Hilton Hotel Minsk,Belarus
59138963h,http://www.w3.org/1999/02/22-rdf-syntax-ns#type,Hilton Garden Inn Moscow New Riga,Russia
5918301h,http://www.w3.org/1999/02/22-rdf-syntax-ns#type,Banitaba House,Iran
5920727h,http://www.w3.org/1999/02/22-rdf-syntax-ns#type,Manuchehri House (Kashan),Iran
59209270h,http://www.w3.org/1999/02/22-rdf-syntax-ns#type,Hilton Istanbul Maslak,Turkey
59492165h,http://www.w3.org/1999/02/22-rdf-syntax-ns#type,Hilton Hua Hin Resort & Spa,Thailand
59519828h,http://www.w3.org/1999/02/22-rdf-syntax-ns#type,house at V jirchářích 13,Czech Republic
5952911h,http://www.w3.org/1999/02/22-rdf-syntax-ns#type,Hyatt Regency San Francisco,United States of America
5963275h,http://www.w3.org/1999/02/22-rdf-syntax-ns#type,Ehsan House (Kashan),Iran
59872505h,http://www.w3.org/1999/02/22-rdf-syntax-ns#type,"George Hotel, Sydney",Australia
59872532h,http://www.w3.org/1999/02/22-rdf-syntax-ns#type,Trickett's Hotel,Australia
60055194h,http://www.w3.org/1999/02/22-rdf-syntax-ns#type,"Wales House, Sydney",Australia
60323642h,http://www.w3.org/1999/02/22-rdf-syntax-ns#type,Hoff Building,United States of America
60389409h,http://www.w3.org/1999/02/22-rdf-syntax-ns#type,Ancienne église Saint-Nicolas,France
6044861h,http://www.w3.org/1999/02/22-rdf-syntax-ns#type,"InterContinental Chicago Magnificent Mile, an IHG Hotel",United States of America
60452089h,http://www.w3.org/1999/02/22-rdf-syntax-ns#type,Hilton Cape Town City Centre,South Africa
6058109h,http://www.w3.org/1999/02/22-rdf-syntax-ns#type,Antiguo Hotel Miramar,Spain
60641676h,http://www.w3.org/1999/02/22-rdf-syntax-ns#type,"Grand Tirolia Hotel Kitzbuhel, Curio Collection by Hilton",Austria
60642328h,http://www.w3.org/1999/02/22-rdf-syntax-ns#type,Canopy by Hilton Zagreb - City Centre,Croatia
60732352h,http://www.w3.org/1999/02/22-rdf-syntax-ns#type,Hilton Garden Inn Dubai Al Jadaf Culture Village,United Arab Emirates
60746742h,http://www.w3.org/1999/02/22-rdf-syntax-ns#type,The Durant,United States of America
60748351h,http://www.w3.org/1999/02/22-rdf-syntax-ns#type,Harvey Hotel,United States of America
60767158h,http://www.w3.org/1999/02/22-rdf-syntax-ns#type,Oakland Hotel,United States of America
60847568h,http://www.w3.org/1999/02/22-rdf-syntax-ns#type,King's Casino Rozvadov,Czech Republic
60912347h,http://www.w3.org/1999/02/22-rdf-syntax-ns#type,Hampton by Hilton Freiburg,Germany
6108856h,http://www.w3.org/1999/02/22-rdf-syntax-ns#type,JR Central Towers,Japan
61090457h,http://www.w3.org/1999/02/22-rdf-syntax-ns#type,Transcorp Hilton Abuja,Nigeria
6109260h,http://www.w3.org/1999/02/22-rdf-syntax-ns#type,JW Marriott San Francisco Union Square,United States of America
6109264h,http://www.w3.org/1999/02/22-rdf-syntax-ns#type,JW Marriott Las Vegas,United States of America
61100884h,http://www.w3.org/1999/02/22-rdf-syntax-ns#type,DoubleTree by Hilton Hotel London - West End,United Kingdom
61114082h,http://www.w3.org/1999/02/22-rdf-syntax-ns#type,"La Bagnaia Golf & Spa Resort Siena, Curio Collection by Hilton",Italy
61165878h,http://www.w3.org/1999/02/22-rdf-syntax-ns#type,"Hilton at St George's Park, Burton Upon Trent",United Kingdom
61357012h,http://www.w3.org/1999/02/22-rdf-syntax-ns#type,Semnani House,Iran
61465403h,http://www.w3.org/1999/02/22-rdf-syntax-ns#type,DoubleTree by Hilton Hotel Tyumen,Russia
61567322h,http://www.w3.org/1999/02/22-rdf-syntax-ns#type,Hilton Newcastle Gateshead,United Kingdom
61573625h,http://www.w3.org/1999/02/22-rdf-syntax-ns#type,Hilton Surfers Paradise Hotel & Residences,Australia
616726h,http://www.w3.org/1999/02/22-rdf-syntax-ns#type,Hooters Casino Hotel,United States of America
61717587h,http://www.w3.org/1999/02/22-rdf-syntax-ns#type,Hilton London Gatwick Airport,United Kingdom
6172690h,http://www.w3.org/1999/02/22-rdf-syntax-ns#type,Jeddah Hilton Hotel,Saudi Arabia
61741817h,http://www.w3.org/1999/02/22-rdf-syntax-ns#type,The International,United States of America
61868406h,http://www.w3.org/1999/02/22-rdf-syntax-ns#type,DoubleTree by Hilton Hotel Woking,United Kingdom
61885625h,http://www.w3.org/1999/02/22-rdf-syntax-ns#type,Hilton Marsa Alam Nubian Resort,Egypt
61888685h,http://www.w3.org/1999/02/22-rdf-syntax-ns#type,Hilton Fiji Beach Resort and Spa,Fiji
61897167h,http://www.w3.org/1999/02/22-rdf-syntax-ns#type,Conrad Bangkok,Thailand
62068054h,http://www.w3.org/1999/02/22-rdf-syntax-ns#type,Conrad Cairo,Egypt
62479268h,http://www.w3.org/1999/02/22-rdf-syntax-ns#type,Hampton by Hilton Munich City West,Germany
63164854h,http://www.w3.org/1999/02/22-rdf-syntax-ns#type,Hilton Garden Inn Luton North,United Kingdom
63190257h,http://www.w3.org/1999/02/22-rdf-syntax-ns#type,Hilton Brisbane,Australia
63296024h,http://www.w3.org/1999/02/22-rdf-syntax-ns#type,Hilton Garden Inn Kuala Lumpur Jalan Tuanku Abdul Rahman South,Malaysia
634258h,http://www.w3.org/1999/02/22-rdf-syntax-ns#type,Veer Towers,United States of America
63435869h,http://www.w3.org/1999/02/22-rdf-syntax-ns#type,Fort Worth Club Building,United States of America
63608863h,http://www.w3.org/1999/02/22-rdf-syntax-ns#type,DoubleTree by Hilton Hotel London - Victoria,United Kingdom
637389h,http://www.w3.org/1999/02/22-rdf-syntax-ns#type,Luxor Resort & Casino,United States of America
63790123h,http://www.w3.org/1999/02/22-rdf-syntax-ns#type,Hilton Garden Inn Kampala,Uganda
63832005h,http://www.w3.org/1999/02/22-rdf-syntax-ns#type,Hampton by Hilton Warsaw Mokotow,Poland
63859908h,http://www.w3.org/1999/02/22-rdf-syntax-ns#type,Hilton Garden Inn Tirana,Albania
63869688h,http://www.w3.org/1999/02/22-rdf-syntax-ns#type,DoubleTree by Hilton Kocaeli,Turkey
63883252h,http://www.w3.org/1999/02/22-rdf-syntax-ns#type,Hilton Moorea Lagoon Resort & Spa,France
63885416h,http://www.w3.org/1999/02/22-rdf-syntax-ns#type,Hilton Garden Inn Birmingham Brindleyplace,United Kingdom
63975276h,http://www.w3.org/1999/02/22-rdf-syntax-ns#type,Hampton by Hilton Belfast City Centre,United Kingdom
6411467h,http://www.w3.org/1999/02/22-rdf-syntax-ns#type,King Edward Hotel,United States of America
64152343h,http://www.w3.org/1999/02/22-rdf-syntax-ns#type,DoubleTree by Hilton Cambridge Belfry,United Kingdom
64363310h,http://www.w3.org/1999/02/22-rdf-syntax-ns#type,DoubleTree by Hilton Hotel Bristol City Centre,United Kingdom
6439146h,http://www.w3.org/1999/02/22-rdf-syntax-ns#type,Krrish Square,Sri Lanka
6448583h,http://www.w3.org/1999/02/22-rdf-syntax-ns#type,Vakil Caravanserai,Iran
646339h,http://www.w3.org/1999/02/22-rdf-syntax-ns#type,Hotel Torni,Finland
64701276h,http://www.w3.org/1999/02/22-rdf-syntax-ns#type,Hilton Seychelles Labriz Resort & Spa,Seychelles
64769038h,http://www.w3.org/1999/02/22-rdf-syntax-ns#type,Washingtonova 23,Czech Republic
64785112h,http://www.w3.org/1999/02/22-rdf-syntax-ns#type,"Hotel Villa Magna, Madrid",Spain
64822290h,http://www.w3.org/1999/02/22-rdf-syntax-ns#type,Hilton Reykjavik Nordica,Iceland
64827562h,http://www.w3.org/1999/02/22-rdf-syntax-ns#type,Hilton Garden Inn Singapore Serangoon,Singapore
64845950h,http://www.w3.org/1999/02/22-rdf-syntax-ns#type,Hampton by Hilton Amsterdam / Arena Boulevard,Netherlands
64845961h,http://www.w3.org/1999/02/22-rdf-syntax-ns#type,Conrad Algarve,Portugal
64859000h,http://www.w3.org/1999/02/22-rdf-syntax-ns#type,Hilton Colombo,Sri Lanka
64868965h,http://www.w3.org/1999/02/22-rdf-syntax-ns#type,Hilton Garden Inn Bristol City Centre,United Kingdom
64933804h,http://www.w3.org/1999/02/22-rdf-syntax-ns#type,Hilton Garden Inn Ras Al Khaimah,United Arab Emirates
6493973h,http://www.w3.org/1999/02/22-rdf-syntax-ns#type,Lassen Hotel,United States of America
64992591h,http://www.w3.org/1999/02/22-rdf-syntax-ns#type,Hampton by Hilton Exeter Airport,United Kingdom
65037569h,http://www.w3.org/1999/02/22-rdf-syntax-ns#type,Parnitha Sanatorium,Greece
65042009h,http://www.w3.org/1999/02/22-rdf-syntax-ns#type,Broadway Hotel,United States of America
65042333h,http://www.w3.org/1999/02/22-rdf-syntax-ns#type,The Salvation Army Building,United States of America
65043882h,http://www.w3.org/1999/02/22-rdf-syntax-ns#type,Rickman House,United States of America
65218555h,http://www.w3.org/1999/02/22-rdf-syntax-ns#type,"Danubius Hotel Hungaria City Center, Budapest",Hungary
6538417h,http://www.w3.org/1999/02/22-rdf-syntax-ns#type,Zargar Yazdi House,Iran
654279h,http://www.w3.org/1999/02/22-rdf-syntax-ns#type,Aria Resort and Casino,United States of America
654906h,http://www.w3.org/1999/02/22-rdf-syntax-ns#type,Binion's Horseshoe,United States of America
656743h,http://www.w3.org/1999/02/22-rdf-syntax-ns#type,Kingdom Centre,Saudi Arabia
65769542h,http://www.w3.org/1999/02/22-rdf-syntax-ns#type,DoubleTree by Hilton Carcassonne,France
65770076h,http://www.w3.org/1999/02/22-rdf-syntax-ns#type,Hilton Garden Inn Glasgow City Centre,United Kingdom
66423173h,http://www.w3.org/1999/02/22-rdf-syntax-ns#type,Waldorf Astoria Ras Al Khaimah,United Arab Emirates
66424250h,http://www.w3.org/1999/02/22-rdf-syntax-ns#type,Hilton Garden Inn Istanbul Golden Horn Turkey,Turkey
66437370h,http://www.w3.org/1999/02/22-rdf-syntax-ns#type,DoubleTree by Hilton Dubai - Business Bay,United Arab Emirates
66439260h,http://www.w3.org/1999/02/22-rdf-syntax-ns#type,DoubleTree by Hilton Hotel Gurgaon - New Delhi NCR,India
66586875h,http://www.w3.org/1999/02/22-rdf-syntax-ns#type,Hilton Makkah Convention Hotel,Saudi Arabia
66658603h,http://www.w3.org/1999/02/22-rdf-syntax-ns#type,Hilton Pattaya,Thailand
66660297h,http://www.w3.org/1999/02/22-rdf-syntax-ns#type,Hilton Garden Inn Dubai Al Mina,United Arab Emirates
66771676h,http://www.w3.org/1999/02/22-rdf-syntax-ns#type,Hilton Shillim Estate Retreat & Spa,India
66813051h,http://www.w3.org/1999/02/22-rdf-syntax-ns#type,"Palácio Hotel de Bussaco, Palacete Hotel do Buçaco",Portugal
66813690h,http://www.w3.org/1999/02/22-rdf-syntax-ns#type,Castle of Estremoz,Portugal
66814366h,http://www.w3.org/1999/02/22-rdf-syntax-ns#type,"Hotel Ritz, incluindo o património integrado",Portugal
66924306h,http://www.w3.org/1999/02/22-rdf-syntax-ns#type,Jurys Inn Leeds,United Kingdom
66969081h,http://www.w3.org/1999/02/22-rdf-syntax-ns#type,Hampton by Hilton Leeds City Centre,United Kingdom
66969175h,http://www.w3.org/1999/02/22-rdf-syntax-ns#type,Ibis Leeds Centre,United Kingdom
66969326h,http://www.w3.org/1999/02/22-rdf-syntax-ns#type,Hilton Leeds City,United Kingdom
67013894h,http://www.w3.org/1999/02/22-rdf-syntax-ns#type,DoubleTree by Hilton Hotel Olbia - Sardinia,Italy
67206508h,http://www.w3.org/1999/02/22-rdf-syntax-ns#type,Hilton Garden Inn Rome Airport,Italy
6747847h,http://www.w3.org/1999/02/22-rdf-syntax-ns#type,Mandarin Orchard Singapore,Singapore
6747856h,http://www.w3.org/1999/02/22-rdf-syntax-ns#type,Loews Regency San Francisco,United States of America
6751307h,http://www.w3.org/1999/02/22-rdf-syntax-ns#type,Manor Apartment Hotel,Australia
67765140h,http://www.w3.org/1999/02/22-rdf-syntax-ns#type,Conrad Koh Samui,Thailand
67863357h,http://www.w3.org/1999/02/22-rdf-syntax-ns#type,Hilton Glasgow Grosvenor,United Kingdom
67868674h,http://www.w3.org/1999/02/22-rdf-syntax-ns#type,DoubleTree by Hilton Royal Parc Soestduinen,Netherlands
67874379h,http://www.w3.org/1999/02/22-rdf-syntax-ns#type,Hampton by Hilton Dundee City Centre,United Kingdom
67920401h,http://www.w3.org/1999/02/22-rdf-syntax-ns#type,Hilton Malta,Malta
68121379h,http://www.w3.org/1999/02/22-rdf-syntax-ns#type,Parkhotel Praha,Czech Republic
68167138h,http://www.w3.org/1999/02/22-rdf-syntax-ns#type,Hotel Pyramida,Czech Republic
6824905h,http://www.w3.org/1999/02/22-rdf-syntax-ns#type,Metropolis,New Zealand
6869131h,http://www.w3.org/1999/02/22-rdf-syntax-ns#type,Minor Sod House,United States of America
6914041h,http://www.w3.org/1999/02/22-rdf-syntax-ns#type,Morrison Hotel,United States of America
691491h,http://www.w3.org/1999/02/22-rdf-syntax-ns#type,Paris Las Vegas,United States of America
69383898h,http://www.w3.org/1999/02/22-rdf-syntax-ns#type,Hilton Sydney,Australia
69531148h,http://www.w3.org/1999/02/22-rdf-syntax-ns#type,Hampton by Hilton Amsterdam Airport Schiphol,Netherlands
69647678h,http://www.w3.org/1999/02/22-rdf-syntax-ns#type,Hilton Aberdeen TECA,United Kingdom
696927h,http://www.w3.org/1999/02/22-rdf-syntax-ns#type,Oheka Castle,United States of America
70206906h,http://www.w3.org/1999/02/22-rdf-syntax-ns#type,Hilton Garden Inn Kuala Lumpur Jalan Tuanku Abdul Rahman North,Malaysia
7040843h,http://www.w3.org/1999/02/22-rdf-syntax-ns#type,Nisiyama Onsen Keiunkan,Japan
7126178h,http://www.w3.org/1999/02/22-rdf-syntax-ns#type,Palace Hotel Residential Tower,United States of America
713960h,http://www.w3.org/1999/02/22-rdf-syntax-ns#type,MGM Grand Las Vegas,United States of America
71409297h,http://www.w3.org/1999/02/22-rdf-syntax-ns#type,Hilton London Watford,United Kingdom
71817207h,http://www.w3.org/1999/02/22-rdf-syntax-ns#type,Hampton by Hilton Warsaw Airport,Poland
71828738h,http://www.w3.org/1999/02/22-rdf-syntax-ns#type,"Hilton Puckrup Hall, Tewkesbury",United Kingdom
7203612h,http://www.w3.org/1999/02/22-rdf-syntax-ns#type,Plaza Hotel & Casino,United States of America
72067004h,http://www.w3.org/1999/02/22-rdf-syntax-ns#type,DoubleTree by Hilton Moscow - Vnukovo Airport,Russia
7216435h,http://www.w3.org/1999/02/22-rdf-syntax-ns#type,Hilton Tel Aviv,Israel
72172868h,http://www.w3.org/1999/02/22-rdf-syntax-ns#type,DoubleTree by Hilton Madrid - Prado,Spain
72177013h,http://www.w3.org/1999/02/22-rdf-syntax-ns#type,Palacete B. Carrera,Brazil
72278577h,http://www.w3.org/1999/02/22-rdf-syntax-ns#type,Hilton Jaipur,India
7247936h,http://www.w3.org/1999/02/22-rdf-syntax-ns#type,Professional Building,United States of America
72812966h,http://www.w3.org/1999/02/22-rdf-syntax-ns#type,Hilton Addis Ababa,Ethiopia
7281354h,http://www.w3.org/1999/02/22-rdf-syntax-ns#type,Hilton Dubai Creek,United Arab Emirates
72988389h,http://www.w3.org/1999/02/22-rdf-syntax-ns#type,DoubleTree by Hilton Hotel Zanzibar - Stone Town,Tanzania
7304924h,http://www.w3.org/1999/02/22-rdf-syntax-ns#type,"Red Rock Casino, Resort & Spa",United States of America
731089h,http://www.w3.org/1999/02/22-rdf-syntax-ns#type,Willard InterContinental Washington,United States of America
73274620h,http://www.w3.org/1999/02/22-rdf-syntax-ns#type,Pellihof,Germany
7336896h,http://www.w3.org/1999/02/22-rdf-syntax-ns#type,Ritz-Carlton Chicago,United States of America
73499085h,http://www.w3.org/1999/02/22-rdf-syntax-ns#type,Hampton by Hilton Berlin City Centre Alexanderplatz,Germany
73621829h,http://www.w3.org/1999/02/22-rdf-syntax-ns#type,Hilton Luxor Resort & Spa,Egypt
73640935h,http://www.w3.org/1999/02/22-rdf-syntax-ns#type,Santa Casa da Misericórdia de Óbidos,Portugal
7374338h,http://www.w3.org/1999/02/22-rdf-syntax-ns#type,Royal Insurance Building,United Kingdom
737602h,http://www.w3.org/1999/02/22-rdf-syntax-ns#type,Aspire Tower,Qatar
73879785h,http://www.w3.org/1999/02/22-rdf-syntax-ns#type,Hilton Mandalay,Myanmar
73898961h,http://www.w3.org/1999/02/22-rdf-syntax-ns#type,Hilton Garden Inn Zagreb - Radnicka,Croatia
739914h,http://www.w3.org/1999/02/22-rdf-syntax-ns#type,Rio All-Suite Hotel and Casino,United States of America
7419570h,http://www.w3.org/1999/02/22-rdf-syntax-ns#type,Santa Fe Station,United States of America
743147h,http://www.w3.org/1999/02/22-rdf-syntax-ns#type,Hotel Negresco,France
74527699h,http://www.w3.org/1999/02/22-rdf-syntax-ns#type,Hilton Capital Grand Abu Dhabi,United Arab Emirates
74665770h,http://www.w3.org/1999/02/22-rdf-syntax-ns#type,DoubleTree by Hilton Hotel Jakarta - Diponegoro,Indonesia
74812978h,http://www.w3.org/1999/02/22-rdf-syntax-ns#type,DoubleTree by Hilton Hotel Aqaba,Jordan
75018491h,http://www.w3.org/1999/02/22-rdf-syntax-ns#type,Hilton Garden Inn Krakow,Poland
7503956h,http://www.w3.org/1999/02/22-rdf-syntax-ns#type,Shrigley Hall,United Kingdom
7520490h,http://www.w3.org/1999/02/22-rdf-syntax-ns#type,Simonsbath House,United Kingdom
752939h,http://www.w3.org/1999/02/22-rdf-syntax-ns#type,RMS Queen Mary,United States of America
7553765h,http://www.w3.org/1999/02/22-rdf-syntax-ns#type,Sofitel Chicago Water Tower,United States of America
7553767h,http://www.w3.org/1999/02/22-rdf-syntax-ns#type,DoubleTree by Hilton Hotel Shanghai - Pudong,People's Republic of China
7553769h,http://www.w3.org/1999/02/22-rdf-syntax-ns#type,Pullman Bangkok Hotel G,Thailand
75721557h,http://www.w3.org/1999/02/22-rdf-syntax-ns#type,DoubleTree by Hilton Edinburgh - Queensferry Crossing,United Kingdom
7575371h,http://www.w3.org/1999/02/22-rdf-syntax-ns#type,Speech House,United Kingdom
7591596h,http://www.w3.org/1999/02/22-rdf-syntax-ns#type,St. Regis Museum Tower,United States of America
75971164h,http://www.w3.org/1999/02/22-rdf-syntax-ns#type,Hilton Garden Inn Riyadh Olaya,Saudi Arabia
76021053h,http://www.w3.org/1999/02/22-rdf-syntax-ns#type,ANA Crowne Plaza Akita,Japan
76355045h,http://www.w3.org/1999/02/22-rdf-syntax-ns#type,Arena Center,Albania
7641354h,http://www.w3.org/1999/02/22-rdf-syntax-ns#type,Sunset Station,United States of America
7643550h,http://www.w3.org/1999/02/22-rdf-syntax-ns#type,Superior Oil Company Building,United States of America
76620470h,http://www.w3.org/1999/02/22-rdf-syntax-ns#type,Hampton by Hilton Dubai Al Barsha,United Arab Emirates
76721707h,http://www.w3.org/1999/02/22-rdf-syntax-ns#type,Hilton Kuching,Malaysia
76724214h,http://www.w3.org/1999/02/22-rdf-syntax-ns#type,DoubleTree by Hilton Krakow Hotel & Convention Center,Poland
76726211h,http://www.w3.org/1999/02/22-rdf-syntax-ns#type,DoubleTree by Hilton Hotel Moscow - Marina,Russia
76795105h,http://www.w3.org/1999/02/22-rdf-syntax-ns#type,Hilton Sharks Bay Resort,Egypt
7720948h,http://www.w3.org/1999/02/22-rdf-syntax-ns#type,The Cairo,United States of America
7730896h,http://www.w3.org/1999/02/22-rdf-syntax-ns#type,The Drayton Court,United Kingdom
7736171h,http://www.w3.org/1999/02/22-rdf-syntax-ns#type,The George Hotel,United Kingdom
77416106h,http://www.w3.org/1999/02/22-rdf-syntax-ns#type,DoubleTree by Hilton Glasgow Westerwood Spa & Golf Resort,United Kingdom
77418726h,http://www.w3.org/1999/02/22-rdf-syntax-ns#type,Hilton Garden Inn Lusaka Society Business Park,Zambia
7745429h,http://www.w3.org/1999/02/22-rdf-syntax-ns#type,The Landmark Hotel and Casino,United States of America
7754900h,http://www.w3.org/1999/02/22-rdf-syntax-ns#type,"The Old Rectory, St Columb Major",United Kingdom
7756547h,http://www.w3.org/1999/02/22-rdf-syntax-ns#type,The Peninsula Chicago,United States of America
7774298h,http://www.w3.org/1999/02/22-rdf-syntax-ns#type,The Western,United States of America
779373h,http://www.w3.org/1999/02/22-rdf-syntax-ns#type,The Linq,United States of America
78036841h,http://www.w3.org/1999/02/22-rdf-syntax-ns#type,Hilton Guam Resort & Spa,United States of America
78054939h,http://www.w3.org/1999/02/22-rdf-syntax-ns#type,"AlRayyan Hotel Doha, Curio Collection by Hilton",Qatar
7832418h,http://www.w3.org/1999/02/22-rdf-syntax-ns#type,"The Trafalgar St. James London, Curio Collection by Hilton",United Kingdom
78897920h,http://www.w3.org/1999/02/22-rdf-syntax-ns#type,"West Hotel Sydney, Curio Collection by Hilton",Australia
79309518h,http://www.w3.org/1999/02/22-rdf-syntax-ns#type,MLC Building,New Zealand
7969454h,http://www.w3.org/1999/02/22-rdf-syntax-ns#type,Merdeka 118,Malaysia
7988922h,http://www.w3.org/1999/02/22-rdf-syntax-ns#type,Westin Las Vegas,United States of America
7988923h,http://www.w3.org/1999/02/22-rdf-syntax-ns#type,Westin San Francisco Market Street,United States of America
7988926h,http://www.w3.org/1999/02/22-rdf-syntax-ns#type,Westin St. Francis,United States of America
79942014h,http://www.w3.org/1999/02/22-rdf-syntax-ns#type,Hotel Amigo,Belgium
804686h,http://www.w3.org/1999/02/22-rdf-syntax-ns#type,Balboa Inn,United States of America
804702h,http://www.w3.org/1999/02/22-rdf-syntax-ns#type,Balch Hotel,United States of America
805467h,http://www.w3.org/1999/02/22-rdf-syntax-ns#type,Bally's Las Vegas Hotel & Casino,United States of America
81100400h,http://www.w3.org/1999/02/22-rdf-syntax-ns#type,Casa Pere Villoch,Spain
81100403h,http://www.w3.org/1999/02/22-rdf-syntax-ns#type,Edifici Companyia Transatlàntica,Spain
81495406h,http://www.w3.org/1999/02/22-rdf-syntax-ns#type,DoubleTree by Hilton Bangkok Ploenchit,Thailand
84029894h,http://www.w3.org/1999/02/22-rdf-syntax-ns#type,Hampton by Hilton Nuremberg City Centre,Germany
845846h,http://www.w3.org/1999/02/22-rdf-syntax-ns#type,"The STRAT Hotel, Casino & SkyPod",United States of America
851102h,http://www.w3.org/1999/02/22-rdf-syntax-ns#type,Hotel Kvarner,Croatia
85749503h,http://www.w3.org/1999/02/22-rdf-syntax-ns#type,Bump Block-Bellevue House-Hawthorne Hotel,United States of America
85758819h,http://www.w3.org/1999/02/22-rdf-syntax-ns#type,El Monte Hotel,United States of America
85802924h,http://www.w3.org/1999/02/22-rdf-syntax-ns#type,St. Nicholas Hotel,United States of America
85845504h,http://www.w3.org/1999/02/22-rdf-syntax-ns#type,Berwyn Apartments,United States of America
86595792h,http://www.w3.org/1999/02/22-rdf-syntax-ns#type,Valkealinna,Finland
86754328h,http://www.w3.org/1999/02/22-rdf-syntax-ns#type,Inez Hotel,United States of America
869378h,http://www.w3.org/1999/02/22-rdf-syntax-ns#type,California Hotel and Casino,United States of America
89425684h,http://www.w3.org/1999/02/22-rdf-syntax-ns#type,Rawema-Haus,Germany
896259h,http://www.w3.org/1999/02/22-rdf-syntax-ns#type,Monrepos,Germany
900983h,http://www.w3.org/1999/02/22-rdf-syntax-ns#type,The Mirage,United States of America
90404749h,http://www.w3.org/1999/02/22-rdf-syntax-ns#type,Hilton Durban,South Africa
9054487h,http://www.w3.org/1999/02/22-rdf-syntax-ns#type,Palácio do Freixo,Portugal
90545243h,http://www.w3.org/1999/02/22-rdf-syntax-ns#type,Hilton Garden Inn Sevilla,Spain
90682834h,http://www.w3.org/1999/02/22-rdf-syntax-ns#type,Hilton Sandton,South Africa
91607548h,http://www.w3.org/1999/02/22-rdf-syntax-ns#type,Hilton Suites Makkah,Saudi Arabia
916673h,http://www.w3.org/1999/02/22-rdf-syntax-ns#type,The Signature at MGM Grand,United States of America
92176916h,http://www.w3.org/1999/02/22-rdf-syntax-ns#type,Hilton London Heathrow Airport Terminal 5,United Kingdom
9294078h,http://www.w3.org/1999/02/22-rdf-syntax-ns#type,Hilton Gdańsk,Poland
9294080h,http://www.w3.org/1999/02/22-rdf-syntax-ns#type,Hotel Jalta,Czech Republic
9294281h,http://www.w3.org/1999/02/22-rdf-syntax-ns#type,Ameri House,Iran
93121772h,http://www.w3.org/1999/02/22-rdf-syntax-ns#type,Hôtel Napoléon,France
9358597h,http://www.w3.org/1999/02/22-rdf-syntax-ns#type,El Rancho Hotel and Casino,United States of America
952861h,http://www.w3.org/1999/02/22-rdf-syntax-ns#type,World Trade Centre Montreal,Canada
96377064h,http://www.w3.org/1999/02/22-rdf-syntax-ns#type,Hilton Bursa Convention Center and Spa,Turkey
96743206h,http://www.w3.org/1999/02/22-rdf-syntax-ns#type,Great Falls Tavern,United States of America
96757505h,http://www.w3.org/1999/02/22-rdf-syntax-ns#type,Pazo of the Maceda Counts,Spain
96787014h,http://www.w3.org/1999/02/22-rdf-syntax-ns#type,Hilton Garden Inn Kuwait,Kuwait
979477h,http://www.w3.org/1999/02/22-rdf-syntax-ns#type,Athenee Palace Hilton Bucharest,Romania
98407274h,http://www.w3.org/1999/02/22-rdf-syntax-ns#type,Albertinkatu 34 - Lönnrotinkatu 26,Finland
98407275h,http://www.w3.org/1999/02/22-rdf-syntax-ns#type,Albertinkatu 34,Finland
98407311h,http://www.w3.org/1999/02/22-rdf-syntax-ns#type,Annankatu 1,Finland
98412731h,http://www.w3.org/1999/02/22-rdf-syntax-ns#type,Hotelli Helsinki,Finland
98412733h,http://www.w3.org/1999/02/22-rdf-syntax-ns#type,Hotelli Marskin talo,Finland
98413370h,http://www.w3.org/1999/02/22-rdf-syntax-ns#type,Kanavakatu 8,Finland
98432053h,http://www.w3.org/1999/02/22-rdf-syntax-ns#type,Pohjoinen Rautatiekatu 23,Finland
98433308h,http://www.w3.org/1999/02/22-rdf-syntax-ns#type,Valion juustovaraston rakennus,Finland
98433345h,http://www.w3.org/1999/02/22-rdf-syntax-ns#type,Valtion biokemiallisen tutkimuslaitoksen laboratoriorakennus,Finland
98433742h,http://www.w3.org/1999/02/22-rdf-syntax-ns#type,Katajanokan vankilan rakennus,Finland
98433825h,http://www.w3.org/1999/02/22-rdf-syntax-ns#type,Suomi-yhtiön talo,Finland
98550889h,http://www.w3.org/1999/02/22-rdf-syntax-ns#type,Villa Gaia,Italy
98582250h,http://www.w3.org/1999/02/22-rdf-syntax-ns#type,Hotel Villa,Finland
9871323h,http://www.w3.org/1999/02/22-rdf-syntax-ns#type,Convento das Eremitas de Santo Agostinho,Portugal
98784123h,http://www.w3.org/1999/02/22-rdf-syntax-ns#type,"Stadshotellet, Karlstad",Sweden
99454646h,http://www.w3.org/1999/02/22-rdf-syntax-ns#type,Conrad Bengaluru,India
995338h,http://www.w3.org/1999/02/22-rdf-syntax-ns#type,Bryson Apartment Hotel,United States of America
99583717h,http://www.w3.org/1999/02/22-rdf-syntax-ns#type,Hôtel van Ertborn,Belgium
99703247h,http://www.w3.org/1999/02/22-rdf-syntax-ns#type,Grand Hôtel,France
